[{"model": "wagtailembeds.embed", "pk": 1, "fields": {"url": "https://youtu.be/vD_Q0EF6s2k", "max_width": null, "type": "video", "html": "<iframe width=\"480\" height=\"270\" src=\"https://www.youtube.com/embed/vD_Q0EF6s2k?feature=oembed\" frameborder=\"0\" allow=\"accelerometer; autoplay; encrypted-media; gyroscope; picture-in-picture\" allowfullscreen></iframe>", "title": "Mauro Biglino - QUELLO CHE NON VI DICONO SULLO STERMINIO DEGLI EBREI", "author_name": "MASKMADA Official", "provider_name": "YouTube", "thumbnail_url": "https://i.ytimg.com/vi/vD_Q0EF6s2k/hqdefault.jpg", "width": 480, "height": 270, "last_updated": "2019-06-16T11:23:04.785Z"}}, {"model": "wagtailimages.rendition", "pk": 1, "fields": {"filter_spec": "max-165x165", "file": "images/binary-code-475664_1920.max-165x165.jpg", "width": 165, "height": 116, "focal_point_key": "", "image": 1}}, {"model": "wagtailimages.rendition", "pk": 2, "fields": {"filter_spec": "fill-160x100", "file": "images/binary-code-475664_1920.2e16d0ba.fill-160x100.jpg", "width": 160, "height": 100, "focal_point_key": "2e16d0ba", "image": 1}}, {"model": "wagtailimages.rendition", "pk": 3, "fields": {"filter_spec": "fill-320x240", "file": "images/binary-code-475664_1920.2e16d0ba.fill-320x240.jpg", "width": 320, "height": 240, "focal_point_key": "2e16d0ba", "image": 1}}, {"model": "wagtailimages.rendition", "pk": 4, "fields": {"filter_spec": "width-600", "file": "images/binary-code-475664_1920.width-600.jpg", "width": 600, "height": 424, "focal_point_key": "", "image": 1}}, {"model": "wagtailimages.rendition", "pk": 5, "fields": {"filter_spec": "max-165x165", "file": "images/web-3706562_1920.max-165x165.jpg", "width": 165, "height": 55, "focal_point_key": "", "image": 2}}, {"model": "wagtailimages.rendition", "pk": 6, "fields": {"filter_spec": "fill-160x100", "file": "images/web-3706562_1920.2e16d0ba.fill-160x100.jpg", "width": 160, "height": 100, "focal_point_key": "2e16d0ba", "image": 2}}, {"model": "wagtailimages.rendition", "pk": 7, "fields": {"filter_spec": "max-165x165", "file": "images/dj.max-165x165.jpg", "width": 165, "height": 92, "focal_point_key": "", "image": 3}}, {"model": "wagtailimages.rendition", "pk": 8, "fields": {"filter_spec": "fill-320x240", "file": "images/dj.2e16d0ba.fill-320x240.jpg", "width": 320, "height": 240, "focal_point_key": "2e16d0ba", "image": 3}}, {"model": "wagtailimages.rendition", "pk": 9, "fields": {"filter_spec": "fill-320x240", "file": "images/web-3706562_1920.2e16d0ba.fill-320x240.jpg", "width": 320, "height": 240, "focal_point_key": "2e16d0ba", "image": 2}}, {"model": "wagtailimages.rendition", "pk": 10, "fields": {"filter_spec": "fill-160x100", "file": "images/dj.2e16d0ba.fill-160x100.jpg", "width": 160, "height": 100, "focal_point_key": "2e16d0ba", "image": 3}}, {"model": "wagtailimages.rendition", "pk": 11, "fields": {"filter_spec": "max-165x165", "file": "images/pexels-photo-697662.max-165x165.jpg", "width": 165, "height": 109, "focal_point_key": "", "image": 4}}, {"model": "wagtailimages.rendition", "pk": 12, "fields": {"filter_spec": "original", "file": "images/pexels-photo-697662.original.jpg", "width": 1920, "height": 1278, "focal_point_key": "", "image": 4}}, {"model": "wagtailimages.rendition", "pk": 13, "fields": {"filter_spec": "max-800x600", "file": "images/pexels-photo-697662.max-800x600.jpg", "width": 800, "height": 532, "focal_point_key": "", "image": 4}}, {"model": "wagtailimages.rendition", "pk": 14, "fields": {"filter_spec": "width-600", "file": "images/pexels-photo-697662.width-600.jpg", "width": 600, "height": 399, "focal_point_key": "", "image": 4}}, {"model": "wagtailimages.rendition", "pk": 15, "fields": {"filter_spec": "original", "file": "images/dj.original.jpg", "width": 750, "height": 422, "focal_point_key": "", "image": 3}}, {"model": "wagtailimages.rendition", "pk": 16, "fields": {"filter_spec": "max-800x600", "file": "images/dj.max-800x600.jpg", "width": 750, "height": 422, "focal_point_key": "", "image": 3}}, {"model": "wagtailimages.rendition", "pk": 17, "fields": {"filter_spec": "max-1000x500", "file": "images/dj.max-1000x500.jpg", "width": 750, "height": 422, "focal_point_key": "", "image": 3}}, {"model": "wagtailimages.rendition", "pk": 18, "fields": {"filter_spec": "max-165x165", "file": "images/ball-63527_1920.max-165x165.jpg", "width": 165, "height": 116, "focal_point_key": "", "image": 5}}, {"model": "wagtailimages.rendition", "pk": 19, "fields": {"filter_spec": "max-1000x500", "file": "images/binary-code-475664_1920.max-1000x500.jpg", "width": 707, "height": 500, "focal_point_key": "", "image": 1}}, {"model": "wagtailimages.rendition", "pk": 20, "fields": {"filter_spec": "width-250", "file": "images/binary-code-475664_1920.width-250.jpg", "width": 250, "height": 176, "focal_point_key": "", "image": 1}}, {"model": "wagtailimages.rendition", "pk": 21, "fields": {"filter_spec": "width-500", "file": "images/ball-63527_1920.width-500.jpg", "width": 500, "height": 353, "focal_point_key": "", "image": 5}}, {"model": "wagtailimages.rendition", "pk": 22, "fields": {"filter_spec": "original", "file": "images/binary-code-475664_1920.original.jpg", "width": 1920, "height": 1357, "focal_point_key": "", "image": 1}}, {"model": "wagtailimages.rendition", "pk": 23, "fields": {"filter_spec": "max-800x600", "file": "images/binary-code-475664_1920.max-800x600.jpg", "width": 800, "height": 565, "focal_point_key": "", "image": 1}}, {"model": "wagtailimages.rendition", "pk": 24, "fields": {"filter_spec": "max-165x165", "file": "images/anunnaki.max-165x165.jpg", "width": 165, "height": 78, "focal_point_key": "", "image": 6}}, {"model": "wagtailimages.rendition", "pk": 25, "fields": {"filter_spec": "max-1000x500", "file": "images/anunnaki.max-1000x500.jpg", "width": 950, "height": 450, "focal_point_key": "", "image": 6}}, {"model": "wagtailimages.rendition", "pk": 26, "fields": {"filter_spec": "width-500", "file": "images/anunnaki.width-500.jpg", "width": 500, "height": 236, "focal_point_key": "", "image": 6}}, {"model": "wagtailimages.rendition", "pk": 27, "fields": {"filter_spec": "width-500", "file": "images/dj.width-500.jpg", "width": 500, "height": 281, "focal_point_key": "", "image": 3}}, {"model": "wagtailimages.rendition", "pk": 28, "fields": {"filter_spec": "width-250", "file": "images/pexels-photo-697662.width-250.jpg", "width": 250, "height": 166, "focal_point_key": "", "image": 4}}, {"model": "wagtailimages.rendition", "pk": 29, "fields": {"filter_spec": "width-500", "file": "images/binary-code-475664_1920.width-500.jpg", "width": 500, "height": 353, "focal_point_key": "", "image": 1}}, {"model": "wagtailimages.rendition", "pk": 30, "fields": {"filter_spec": "width-500", "file": "images/web-3706562_1920.width-500.jpg", "width": 500, "height": 166, "focal_point_key": "", "image": 2}}, {"model": "wagtailimages.rendition", "pk": 31, "fields": {"filter_spec": "scale-100", "file": "images/web-3706562_1920.scale-100.jpg", "width": 1920, "height": 640, "focal_point_key": "", "image": 2}}, {"model": "wagtailimages.rendition", "pk": 32, "fields": {"filter_spec": "width-600", "file": "images/web-3706562_1920.width-600.jpg", "width": 600, "height": 200, "focal_point_key": "", "image": 2}}, {"model": "wagtailimages.rendition", "pk": 33, "fields": {"filter_spec": "width-700", "file": "images/web-3706562_1920.width-700.jpg", "width": 700, "height": 233, "focal_point_key": "", "image": 2}}, {"model": "wagtailimages.rendition", "pk": 34, "fields": {"filter_spec": "width-700", "file": "images/binary-code-475664_1920.width-700.jpg", "width": 700, "height": 494, "focal_point_key": "", "image": 1}}, {"model": "wagtailcore.site", "pk": 2, "fields": {"hostname": "localhost", "port": 80, "site_name": null, "root_page": 17, "is_default_site": true}}, {"model": "wagtailcore.collection", "pk": 1, "fields": {"path": "0001", "depth": 1, "numchild": 0, "name": "Root"}}, {"model": "taggit.tag", "pk": 1, "fields": {"name": "tag1", "slug": "tag1"}}, {"model": "taggit.tag", "pk": 2, "fields": {"name": "net", "slug": "net"}}, {"model": "taggit.tag", "pk": 3, "fields": {"name": "http", "slug": "http"}}, {"model": "taggit.tag", "pk": 4, "fields": {"name": "django", "slug": "django"}}, {"model": "taggit.tag", "pk": 5, "fields": {"name": "Hermes", "slug": "hermes"}}, {"model": "taggit.tag", "pk": 6, "fields": {"name": "Egypt", "slug": "egypt"}}, {"model": "taggit.tag", "pk": 7, "fields": {"name": "Sumer", "slug": "sumer"}}, {"model": "taggit.tag", "pk": 8, "fields": {"name": "Hebrew", "slug": "hebrew"}}, {"model": "taggit.tag", "pk": 9, "fields": {"name": "Python", "slug": "python"}}, {"model": "taggit.tag", "pk": 10, "fields": {"name": "bits", "slug": "bits"}}, {"model": "taggit.tag", "pk": 11, "fields": {"name": "anunnaky", "slug": "anunnaky"}}, {"model": "taggit.tag", "pk": 12, "fields": {"name": "anunnaki", "slug": "anunnaki"}}, {"model": "taggit.tag", "pk": 13, "fields": {"name": "elohim", "slug": "elohim"}}, {"model": "contenttypes.contenttype", "pk": 1, "fields": {"app_label": "wagtailcore", "model": "page"}}, {"model": "contenttypes.contenttype", "pk": 2, "fields": {"app_label": "home", "model": "homepage"}}, {"model": "contenttypes.contenttype", "pk": 3, "fields": {"app_label": "wagtailadmin", "model": "admin"}}, {"model": "contenttypes.contenttype", "pk": 4, "fields": {"app_label": "wagtaildocs", "model": "document"}}, {"model": "contenttypes.contenttype", "pk": 5, "fields": {"app_label": "wagtailimages", "model": "image"}}, {"model": "contenttypes.contenttype", "pk": 6, "fields": {"app_label": "wagtailforms", "model": "formsubmission"}}, {"model": "contenttypes.contenttype", "pk": 7, "fields": {"app_label": "wagtailredirects", "model": "redirect"}}, {"model": "contenttypes.contenttype", "pk": 8, "fields": {"app_label": "wagtailembeds", "model": "embed"}}, {"model": "contenttypes.contenttype", "pk": 9, "fields": {"app_label": "wagtailusers", "model": "userprofile"}}, {"model": "contenttypes.contenttype", "pk": 10, "fields": {"app_label": "wagtailimages", "model": "rendition"}}, {"model": "contenttypes.contenttype", "pk": 11, "fields": {"app_label": "wagtailsearch", "model": "query"}}, {"model": "contenttypes.contenttype", "pk": 12, "fields": {"app_label": "wagtailsearch", "model": "querydailyhits"}}, {"model": "contenttypes.contenttype", "pk": 13, "fields": {"app_label": "wagtailcore", "model": "grouppagepermission"}}, {"model": "contenttypes.contenttype", "pk": 14, "fields": {"app_label": "wagtailcore", "model": "pagerevision"}}, {"model": "contenttypes.contenttype", "pk": 15, "fields": {"app_label": "wagtailcore", "model": "pageviewrestriction"}}, {"model": "contenttypes.contenttype", "pk": 16, "fields": {"app_label": "wagtailcore", "model": "site"}}, {"model": "contenttypes.contenttype", "pk": 17, "fields": {"app_label": "wagtailcore", "model": "collection"}}, {"model": "contenttypes.contenttype", "pk": 18, "fields": {"app_label": "wagtailcore", "model": "groupcollectionpermission"}}, {"model": "contenttypes.contenttype", "pk": 19, "fields": {"app_label": "wagtailcore", "model": "collectionviewrestriction"}}, {"model": "contenttypes.contenttype", "pk": 20, "fields": {"app_label": "taggit", "model": "tag"}}, {"model": "contenttypes.contenttype", "pk": 21, "fields": {"app_label": "taggit", "model": "taggeditem"}}, {"model": "contenttypes.contenttype", "pk": 22, "fields": {"app_label": "admin", "model": "logentry"}}, {"model": "contenttypes.contenttype", "pk": 23, "fields": {"app_label": "auth", "model": "permission"}}, {"model": "contenttypes.contenttype", "pk": 24, "fields": {"app_label": "auth", "model": "group"}}, {"model": "contenttypes.contenttype", "pk": 25, "fields": {"app_label": "auth", "model": "user"}}, {"model": "contenttypes.contenttype", "pk": 26, "fields": {"app_label": "contenttypes", "model": "contenttype"}}, {"model": "contenttypes.contenttype", "pk": 27, "fields": {"app_label": "sessions", "model": "session"}}, {"model": "contenttypes.contenttype", "pk": 28, "fields": {"app_label": "blog", "model": "blogindexpage"}}, {"model": "contenttypes.contenttype", "pk": 29, "fields": {"app_label": "blog", "model": "blogpage"}}, {"model": "contenttypes.contenttype", "pk": 30, "fields": {"app_label": "blog", "model": "blogtagindexpage"}}, {"model": "contenttypes.contenttype", "pk": 31, "fields": {"app_label": "blog", "model": "blogpagetag"}}, {"model": "contenttypes.contenttype", "pk": 32, "fields": {"app_label": "blog", "model": "blogpagegalleryimage"}}, {"model": "contenttypes.contenttype", "pk": 33, "fields": {"app_label": "blog", "model": "blogalltags"}}, {"model": "contenttypes.contenttype", "pk": 34, "fields": {"app_label": "blog", "model": "blogsearch"}}, {"model": "contenttypes.contenttype", "pk": 35, "fields": {"app_label": "blog", "model": "blogtree"}}, {"model": "contenttypes.contenttype", "pk": 36, "fields": {"app_label": "blog", "model": "blogallcategories"}}, {"model": "contenttypes.contenttype", "pk": 37, "fields": {"app_label": "blog", "model": "blogcategory"}}, {"model": "contenttypes.contenttype", "pk": 38, "fields": {"app_label": "sites", "model": "site"}}, {"model": "contenttypes.contenttype", "pk": 39, "fields": {"app_label": "django_comments", "model": "comment"}}, {"model": "contenttypes.contenttype", "pk": 40, "fields": {"app_label": "django_comments", "model": "commentflag"}}, {"model": "sessions.session", "pk": "4gabmxadzhp7zkceotcwfe9wrkrlzpru", "fields": {"session_data": "M2NkMWNhY2EwOTY0MDRhMzM1NjJjN2Q1YTczZDFiMjk3NDUyYWIxODp7Il9hdXRoX3VzZXJfaWQiOiIxIiwiX2F1dGhfdXNlcl9iYWNrZW5kIjoiZGphbmdvLmNvbnRyaWIuYXV0aC5iYWNrZW5kcy5Nb2RlbEJhY2tlbmQiLCJfYXV0aF91c2VyX2hhc2giOiI3Zjk4YWQ5NTQzYjg1NWNkMmEwOGIzZWUwNTJkNDQ1YmRhZmJiOTRlIn0=", "expire_date": "2019-06-24T11:51:20.539Z"}}, {"model": "sessions.session", "pk": "5qs4rpgdasq7iyyc6i5p9qcz7u3y7jtn", "fields": {"session_data": "M2NkMWNhY2EwOTY0MDRhMzM1NjJjN2Q1YTczZDFiMjk3NDUyYWIxODp7Il9hdXRoX3VzZXJfaWQiOiIxIiwiX2F1dGhfdXNlcl9iYWNrZW5kIjoiZGphbmdvLmNvbnRyaWIuYXV0aC5iYWNrZW5kcy5Nb2RlbEJhY2tlbmQiLCJfYXV0aF91c2VyX2hhc2giOiI3Zjk4YWQ5NTQzYjg1NWNkMmEwOGIzZWUwNTJkNDQ1YmRhZmJiOTRlIn0=", "expire_date": "2019-06-24T14:29:57.241Z"}}, {"model": "sessions.session", "pk": "86sqdcvr7lzsh4kbteeo2koq0x79n2ad", "fields": {"session_data": "M2NkMWNhY2EwOTY0MDRhMzM1NjJjN2Q1YTczZDFiMjk3NDUyYWIxODp7Il9hdXRoX3VzZXJfaWQiOiIxIiwiX2F1dGhfdXNlcl9iYWNrZW5kIjoiZGphbmdvLmNvbnRyaWIuYXV0aC5iYWNrZW5kcy5Nb2RlbEJhY2tlbmQiLCJfYXV0aF91c2VyX2hhc2giOiI3Zjk4YWQ5NTQzYjg1NWNkMmEwOGIzZWUwNTJkNDQ1YmRhZmJiOTRlIn0=", "expire_date": "2019-06-25T10:58:16.705Z"}}, {"model": "sessions.session", "pk": "99tj4ellge9tijixuph15zz34ehbd081", "fields": {"session_data": "M2NkMWNhY2EwOTY0MDRhMzM1NjJjN2Q1YTczZDFiMjk3NDUyYWIxODp7Il9hdXRoX3VzZXJfaWQiOiIxIiwiX2F1dGhfdXNlcl9iYWNrZW5kIjoiZGphbmdvLmNvbnRyaWIuYXV0aC5iYWNrZW5kcy5Nb2RlbEJhY2tlbmQiLCJfYXV0aF91c2VyX2hhc2giOiI3Zjk4YWQ5NTQzYjg1NWNkMmEwOGIzZWUwNTJkNDQ1YmRhZmJiOTRlIn0=", "expire_date": "2019-06-24T14:39:29.204Z"}}, {"model": "sessions.session", "pk": "asxc4p1fp27xxm65obrw3z3dpoaxe42a", "fields": {"session_data": "M2NkMWNhY2EwOTY0MDRhMzM1NjJjN2Q1YTczZDFiMjk3NDUyYWIxODp7Il9hdXRoX3VzZXJfaWQiOiIxIiwiX2F1dGhfdXNlcl9iYWNrZW5kIjoiZGphbmdvLmNvbnRyaWIuYXV0aC5iYWNrZW5kcy5Nb2RlbEJhY2tlbmQiLCJfYXV0aF91c2VyX2hhc2giOiI3Zjk4YWQ5NTQzYjg1NWNkMmEwOGIzZWUwNTJkNDQ1YmRhZmJiOTRlIn0=", "expire_date": "2019-06-24T11:44:56.421Z"}}, {"model": "sessions.session", "pk": "c4ypld7ixls2c6imdwcndzcav9zjyxw7", "fields": {"session_data": "M2NkMWNhY2EwOTY0MDRhMzM1NjJjN2Q1YTczZDFiMjk3NDUyYWIxODp7Il9hdXRoX3VzZXJfaWQiOiIxIiwiX2F1dGhfdXNlcl9iYWNrZW5kIjoiZGphbmdvLmNvbnRyaWIuYXV0aC5iYWNrZW5kcy5Nb2RlbEJhY2tlbmQiLCJfYXV0aF91c2VyX2hhc2giOiI3Zjk4YWQ5NTQzYjg1NWNkMmEwOGIzZWUwNTJkNDQ1YmRhZmJiOTRlIn0=", "expire_date": "2019-07-03T09:48:41.585Z"}}, {"model": "sessions.session", "pk": "fzh1ahe0ssydwsotut2yqs3urpcfrvnh", "fields": {"session_data": "YzIwNmY3NjhmOWZkM2M4YzcwMjI4YjQyMTVkY2I3YzUwMGFkN2JhYzp7IjAiOiJiYXIiLCIwIjoiYmFyIn0=", "expire_date": "2019-06-20T19:20:11.710Z"}}, {"model": "sessions.session", "pk": "kfokhylddsajxbwpgjw6outciqib85ov", "fields": {"session_data": "M2NkMWNhY2EwOTY0MDRhMzM1NjJjN2Q1YTczZDFiMjk3NDUyYWIxODp7Il9hdXRoX3VzZXJfaWQiOiIxIiwiX2F1dGhfdXNlcl9iYWNrZW5kIjoiZGphbmdvLmNvbnRyaWIuYXV0aC5iYWNrZW5kcy5Nb2RlbEJhY2tlbmQiLCJfYXV0aF91c2VyX2hhc2giOiI3Zjk4YWQ5NTQzYjg1NWNkMmEwOGIzZWUwNTJkNDQ1YmRhZmJiOTRlIn0=", "expire_date": "2019-06-25T10:06:52.574Z"}}, {"model": "sessions.session", "pk": "kkqy4gom8yi02sc8st2jvlr91cmeccjx", "fields": {"session_data": "M2NkMWNhY2EwOTY0MDRhMzM1NjJjN2Q1YTczZDFiMjk3NDUyYWIxODp7Il9hdXRoX3VzZXJfaWQiOiIxIiwiX2F1dGhfdXNlcl9iYWNrZW5kIjoiZGphbmdvLmNvbnRyaWIuYXV0aC5iYWNrZW5kcy5Nb2RlbEJhY2tlbmQiLCJfYXV0aF91c2VyX2hhc2giOiI3Zjk4YWQ5NTQzYjg1NWNkMmEwOGIzZWUwNTJkNDQ1YmRhZmJiOTRlIn0=", "expire_date": "2019-06-25T07:32:42.181Z"}}, {"model": "sessions.session", "pk": "nhzs8gxdmd2bdf4y33ad40bk2k3g8ijr", "fields": {"session_data": "M2NkMWNhY2EwOTY0MDRhMzM1NjJjN2Q1YTczZDFiMjk3NDUyYWIxODp7Il9hdXRoX3VzZXJfaWQiOiIxIiwiX2F1dGhfdXNlcl9iYWNrZW5kIjoiZGphbmdvLmNvbnRyaWIuYXV0aC5iYWNrZW5kcy5Nb2RlbEJhY2tlbmQiLCJfYXV0aF91c2VyX2hhc2giOiI3Zjk4YWQ5NTQzYjg1NWNkMmEwOGIzZWUwNTJkNDQ1YmRhZmJiOTRlIn0=", "expire_date": "2019-06-24T14:23:41.046Z"}}, {"model": "sessions.session", "pk": "s7abhzvwqd3uhkoqmg4lcz05k1wxu2fv", "fields": {"session_data": "M2NkMWNhY2EwOTY0MDRhMzM1NjJjN2Q1YTczZDFiMjk3NDUyYWIxODp7Il9hdXRoX3VzZXJfaWQiOiIxIiwiX2F1dGhfdXNlcl9iYWNrZW5kIjoiZGphbmdvLmNvbnRyaWIuYXV0aC5iYWNrZW5kcy5Nb2RlbEJhY2tlbmQiLCJfYXV0aF91c2VyX2hhc2giOiI3Zjk4YWQ5NTQzYjg1NWNkMmEwOGIzZWUwNTJkNDQ1YmRhZmJiOTRlIn0=", "expire_date": "2019-06-24T14:51:28.379Z"}}, {"model": "sessions.session", "pk": "vhn8xrqqgg5flxpvaj6nngaayb6p34un", "fields": {"session_data": "M2NkMWNhY2EwOTY0MDRhMzM1NjJjN2Q1YTczZDFiMjk3NDUyYWIxODp7Il9hdXRoX3VzZXJfaWQiOiIxIiwiX2F1dGhfdXNlcl9iYWNrZW5kIjoiZGphbmdvLmNvbnRyaWIuYXV0aC5iYWNrZW5kcy5Nb2RlbEJhY2tlbmQiLCJfYXV0aF91c2VyX2hhc2giOiI3Zjk4YWQ5NTQzYjg1NWNkMmEwOGIzZWUwNTJkNDQ1YmRhZmJiOTRlIn0=", "expire_date": "2019-06-24T12:16:07.083Z"}}, {"model": "sessions.session", "pk": "w05n0rp56fy61h36mfiyqq0qiipec1kx", "fields": {"session_data": "NDdkNWRmNzkxNjA3NTAxMWY5OTMxNjQ2MGY5YzVkOWI0MWQzYTNmZjp7Il9hdXRoX3VzZXJfaWQiOiIxIiwiX2F1dGhfdXNlcl9iYWNrZW5kIjoiZGphbmdvLmNvbnRyaWIuYXV0aC5iYWNrZW5kcy5Nb2RlbEJhY2tlbmQiLCJfYXV0aF91c2VyX2hhc2giOiI3Zjk4YWQ5NTQzYjg1NWNkMmEwOGIzZWUwNTJkNDQ1YmRhZmJiOTRlIiwid2FndGFpbC1wcmV2aWV3LTUiOlsiY3NyZm1pZGRsZXdhcmV0b2tlbj1LR21naHZudklWTnBpNmpueVhLOVdncFg3bEpPajFlSzVHRkZjeGtibEVCTE81MENpcDBvWFdtd3hIdWl4UTlkJm5leHQ9JnRpdGxlPVBvc3RzJmludHJvPW51bGwmc2x1Zz1wb3N0cyZzZW9fdGl0bGU9JnNlYXJjaF9kZXNjcmlwdGlvbj0mZ29fbGl2ZV9hdD0mZXhwaXJlX2F0PSIsMTU1OTgwODY0NC4xMzE3ODRdLCIwIjoiYmFyIiwicGFnZSI6IjEifQ==", "expire_date": "2019-06-22T10:47:31.457Z"}}, {"model": "sessions.session", "pk": "xklfwk8z5yk2sb8xc1hu23szfcdgjg42", "fields": {"session_data": "YTYwMjIxMmYyYTc3YmE1NTllMTNhOTk5MGJjNjQ5YjAwYWMzOTA0Mjp7Il9hdXRoX3VzZXJfaWQiOiIxIiwiX2F1dGhfdXNlcl9iYWNrZW5kIjoiZGphbmdvLmNvbnRyaWIuYXV0aC5iYWNrZW5kcy5Nb2RlbEJhY2tlbmQiLCJfYXV0aF91c2VyX2hhc2giOiI3Zjk4YWQ5NTQzYjg1NWNkMmEwOGIzZWUwNTJkNDQ1YmRhZmJiOTRlIiwid2FndGFpbC1wcmV2aWV3LTMzIjpbImNzcmZtaWRkbGV3YXJldG9rZW49VVJVR295cnFXeWZDdHVPN1p4V01GSnBWdUNSMERyamJuWFBlOEwxcGNZS3lKT3d6S1pXSDhNUmhzTmFSa1R2RyZuZXh0PSZ0aXRsZT1Qb3N0MTEmZ2FsbGVyeV9pbWFnZXMtVE9UQUxfRk9STVM9MSZnYWxsZXJ5X2ltYWdlcy1JTklUSUFMX0ZPUk1TPTEmZ2FsbGVyeV9pbWFnZXMtTUlOX05VTV9GT1JNUz0wJmdhbGxlcnlfaW1hZ2VzLU1BWF9OVU1fRk9STVM9MTAwMCZnYWxsZXJ5X2ltYWdlcy0wLWltYWdlPTEmZ2FsbGVyeV9pbWFnZXMtMC1jYXB0aW9uPSZnYWxsZXJ5X2ltYWdlcy0wLWlkPTEmZ2FsbGVyeV9pbWFnZXMtMC1PUkRFUj0xJmdhbGxlcnlfaW1hZ2VzLTAtREVMRVRFPSZkYXRlPTIwMTktMDYtMTEmdGFncz0maW50cm89aW50cm8tcG9zdDExJmJvZHktY291bnQ9NCZib2R5LTAtZGVsZXRlZD0mYm9keS0wLW9yZGVyPTAmYm9keS0wLXR5cGU9cGFyYWdyYXBoJmJvZHktMC1pZD02YmEyY2Y0Yy0zNzUyLTQwYjUtYjJjMy00ZWUyMDAxOTNmNTEmYm9keS0wLXZhbHVlPSU3QiUyMmJsb2NrcyUyMiUzQSU1QiU3QiUyMmtleSUyMiUzQSUyMmh6aHBxJTIyJTJDJTIydGV4dCUyMiUzQSUyMlRoaXMraXMrYSt2aWRlbyUzQSUyMiUyQyUyMnR5cGUlMjIlM0ElMjJ1bnN0eWxlZCUyMiUyQyUyMmRlcHRoJTIyJTNBMCUyQyUyMmlubGluZVN0eWxlUmFuZ2VzJTIyJTNBJTVCJTVEJTJDJTIyZW50aXR5UmFuZ2VzJTIyJTNBJTVCJTVEJTJDJTIyZGF0YSUyMiUzQSU3QiU3RCU3RCU1RCUyQyUyMmVudGl0eU1hcCUyMiUzQSU3QiU3RCU3RCZib2R5LTEtZGVsZXRlZD0mYm9keS0xLW9yZGVyPTEmYm9keS0xLXR5cGU9cGFyYWdyYXBoJmJvZHktMS1pZD02YmMwYzU2Ny03ZGVhLTRkNDItYjI1Mi0xYjNlYzc4YWQyYWMmYm9keS0xLXZhbHVlPSU3QiUyMmJsb2NrcyUyMiUzQSU1QiU3QiUyMmtleSUyMiUzQSUyMjRpOGs3JTIyJTJDJTIydGV4dCUyMiUzQSUyMnRleHQlMjIlMkMlMjJ0eXBlJTIyJTNBJTIydW5zdHlsZWQlMjIlMkMlMjJkZXB0aCUyMiUzQTAlMkMlMjJpbmxpbmVTdHlsZVJhbmdlcyUyMiUzQSU1QiU1RCUyQyUyMmVudGl0eVJhbmdlcyUyMiUzQSU1QiU1RCUyQyUyMmRhdGElMjIlM0ElN0IlN0QlN0QlNUQlMkMlMjJlbnRpdHlNYXAlMjIlM0ElN0IlN0QlN0QmYm9keS0yLWRlbGV0ZWQ9JmJvZHktMi1vcmRlcj0yJmJvZHktMi10eXBlPWh0bWxqcyZib2R5LTItaWQ9M2NlYmU3NGUtYmUwYi00NThjLWFhNzYtOTRkZGUyMDVhNTkzJmJvZHktMi12YWx1ZT0lM0NpZnJhbWUrd2lkdGglM0QlMjI1NjAlMjIraGVpZ2h0JTNEJTIyMzE1JTIyK3NyYyUzRCUyMmh0dHBzJTNBJTJGJTJGd3d3LnlvdXR1YmUuY29tJTJGZW1iZWQlMkZ2RF9RMEVGNnMyayUyMitmcmFtZWJvcmRlciUzRCUyMjAlMjIrYWxsb3clM0QlMjJhY2NlbGVyb21ldGVyJTNCK2F1dG9wbGF5JTNCK2VuY3J5cHRlZC1tZWRpYSUzQitneXJvc2NvcGUlM0IrcGljdHVyZS1pbi1waWN0dXJlJTIyK2FsbG93ZnVsbHNjcmVlbiUzRSUzQyUyRmlmcmFtZSUzRSZib2R5LTMtZGVsZXRlZD0mYm9keS0zLW9yZGVyPTMmYm9keS0zLXR5cGU9cGFyYWdyYXBoJmJvZHktMy1pZD00NTJiYTk0Ny01NTc2LTQ3ZGQtOTcyMC1lZTNhYjZjZGEzZjAmYm9keS0zLXZhbHVlPSU3QiUyMmJsb2NrcyUyMiUzQSU1QiU3QiUyMmtleSUyMiUzQSUyMnNjbjRoJTIyJTJDJTIydGV4dCUyMiUzQSUyMnRleHQyJTIyJTJDJTIydHlwZSUyMiUzQSUyMnVuc3R5bGVkJTIyJTJDJTIyZGVwdGglMjIlM0EwJTJDJTIyaW5saW5lU3R5bGVSYW5nZXMlMjIlM0ElNUIlNUQlMkMlMjJlbnRpdHlSYW5nZXMlMjIlM0ElNUIlNUQlMkMlMjJkYXRhJTIyJTNBJTdCJTdEJTdEJTVEJTJDJTIyZW50aXR5TWFwJTIyJTNBJTdCJTdEJTdEJnNsdWc9cG9zdDExJnNlb190aXRsZT0mc2VhcmNoX2Rlc2NyaXB0aW9uPSZnb19saXZlX2F0PSZleHBpcmVfYXQ9IiwxNTYwNjg2MDQ0LjY4NDQyMTNdfQ==", "expire_date": "2019-06-30T11:54:04.702Z"}}, {"model": "blog.blogpagetag", "pk": 17, "fields": {"tag": 3, "content_object": 23}}, {"model": "blog.blogpagetag", "pk": 18, "fields": {"tag": 4, "content_object": 23}}, {"model": "blog.blogpagetag", "pk": 20, "fields": {"tag": 6, "content_object": 25}}, {"model": "blog.blogpagetag", "pk": 21, "fields": {"tag": 6, "content_object": 26}}, {"model": "blog.blogpagetag", "pk": 22, "fields": {"tag": 7, "content_object": 27}}, {"model": "blog.blogpagetag", "pk": 23, "fields": {"tag": 7, "content_object": 28}}, {"model": "blog.blogpagetag", "pk": 24, "fields": {"tag": 8, "content_object": 29}}, {"model": "blog.blogpagetag", "pk": 55, "fields": {"tag": 9, "content_object": 20}}, {"model": "blog.blogpagetag", "pk": 56, "fields": {"tag": 13, "content_object": 33}}, {"model": "blog.blogpagegalleryimage", "pk": 1, "fields": {"sort_order": 0, "page": 33, "image": 1, "caption": ""}}, {"model": "blog.blogpagegalleryimage", "pk": 2, "fields": {"sort_order": 0, "page": 20, "image": 2, "caption": "some image"}}, {"model": "auth.permission", "pk": 1, "fields": {"name": "Can access Wagtail admin", "content_type": 3, "codename": "access_admin"}}, {"model": "auth.permission", "pk": 2, "fields": {"name": "Can add document", "content_type": 4, "codename": "add_document"}}, {"model": "auth.permission", "pk": 3, "fields": {"name": "Can change document", "content_type": 4, "codename": "change_document"}}, {"model": "auth.permission", "pk": 4, "fields": {"name": "Can delete document", "content_type": 4, "codename": "delete_document"}}, {"model": "auth.permission", "pk": 5, "fields": {"name": "Can add image", "content_type": 5, "codename": "add_image"}}, {"model": "auth.permission", "pk": 6, "fields": {"name": "Can change image", "content_type": 5, "codename": "change_image"}}, {"model": "auth.permission", "pk": 7, "fields": {"name": "Can delete image", "content_type": 5, "codename": "delete_image"}}, {"model": "auth.permission", "pk": 8, "fields": {"name": "Can add home page", "content_type": 2, "codename": "add_homepage"}}, {"model": "auth.permission", "pk": 9, "fields": {"name": "Can change home page", "content_type": 2, "codename": "change_homepage"}}, {"model": "auth.permission", "pk": 10, "fields": {"name": "Can delete home page", "content_type": 2, "codename": "delete_homepage"}}, {"model": "auth.permission", "pk": 11, "fields": {"name": "Can view home page", "content_type": 2, "codename": "view_homepage"}}, {"model": "auth.permission", "pk": 12, "fields": {"name": "Can add form submission", "content_type": 6, "codename": "add_formsubmission"}}, {"model": "auth.permission", "pk": 13, "fields": {"name": "Can change form submission", "content_type": 6, "codename": "change_formsubmission"}}, {"model": "auth.permission", "pk": 14, "fields": {"name": "Can delete form submission", "content_type": 6, "codename": "delete_formsubmission"}}, {"model": "auth.permission", "pk": 15, "fields": {"name": "Can view form submission", "content_type": 6, "codename": "view_formsubmission"}}, {"model": "auth.permission", "pk": 16, "fields": {"name": "Can add redirect", "content_type": 7, "codename": "add_redirect"}}, {"model": "auth.permission", "pk": 17, "fields": {"name": "Can change redirect", "content_type": 7, "codename": "change_redirect"}}, {"model": "auth.permission", "pk": 18, "fields": {"name": "Can delete redirect", "content_type": 7, "codename": "delete_redirect"}}, {"model": "auth.permission", "pk": 19, "fields": {"name": "Can view redirect", "content_type": 7, "codename": "view_redirect"}}, {"model": "auth.permission", "pk": 20, "fields": {"name": "Can add embed", "content_type": 8, "codename": "add_embed"}}, {"model": "auth.permission", "pk": 21, "fields": {"name": "Can change embed", "content_type": 8, "codename": "change_embed"}}, {"model": "auth.permission", "pk": 22, "fields": {"name": "Can delete embed", "content_type": 8, "codename": "delete_embed"}}, {"model": "auth.permission", "pk": 23, "fields": {"name": "Can view embed", "content_type": 8, "codename": "view_embed"}}, {"model": "auth.permission", "pk": 24, "fields": {"name": "Can add user profile", "content_type": 9, "codename": "add_userprofile"}}, {"model": "auth.permission", "pk": 25, "fields": {"name": "Can change user profile", "content_type": 9, "codename": "change_userprofile"}}, {"model": "auth.permission", "pk": 26, "fields": {"name": "Can delete user profile", "content_type": 9, "codename": "delete_userprofile"}}, {"model": "auth.permission", "pk": 27, "fields": {"name": "Can view user profile", "content_type": 9, "codename": "view_userprofile"}}, {"model": "auth.permission", "pk": 28, "fields": {"name": "Can view document", "content_type": 4, "codename": "view_document"}}, {"model": "auth.permission", "pk": 29, "fields": {"name": "Can view image", "content_type": 5, "codename": "view_image"}}, {"model": "auth.permission", "pk": 30, "fields": {"name": "Can add rendition", "content_type": 10, "codename": "add_rendition"}}, {"model": "auth.permission", "pk": 31, "fields": {"name": "Can change rendition", "content_type": 10, "codename": "change_rendition"}}, {"model": "auth.permission", "pk": 32, "fields": {"name": "Can delete rendition", "content_type": 10, "codename": "delete_rendition"}}, {"model": "auth.permission", "pk": 33, "fields": {"name": "Can view rendition", "content_type": 10, "codename": "view_rendition"}}, {"model": "auth.permission", "pk": 34, "fields": {"name": "Can add query", "content_type": 11, "codename": "add_query"}}, {"model": "auth.permission", "pk": 35, "fields": {"name": "Can change query", "content_type": 11, "codename": "change_query"}}, {"model": "auth.permission", "pk": 36, "fields": {"name": "Can delete query", "content_type": 11, "codename": "delete_query"}}, {"model": "auth.permission", "pk": 37, "fields": {"name": "Can view query", "content_type": 11, "codename": "view_query"}}, {"model": "auth.permission", "pk": 38, "fields": {"name": "Can add Query Daily Hits", "content_type": 12, "codename": "add_querydailyhits"}}, {"model": "auth.permission", "pk": 39, "fields": {"name": "Can change Query Daily Hits", "content_type": 12, "codename": "change_querydailyhits"}}, {"model": "auth.permission", "pk": 40, "fields": {"name": "Can delete Query Daily Hits", "content_type": 12, "codename": "delete_querydailyhits"}}, {"model": "auth.permission", "pk": 41, "fields": {"name": "Can view Query Daily Hits", "content_type": 12, "codename": "view_querydailyhits"}}, {"model": "auth.permission", "pk": 42, "fields": {"name": "Can add page", "content_type": 1, "codename": "add_page"}}, {"model": "auth.permission", "pk": 43, "fields": {"name": "Can change page", "content_type": 1, "codename": "change_page"}}, {"model": "auth.permission", "pk": 44, "fields": {"name": "Can delete page", "content_type": 1, "codename": "delete_page"}}, {"model": "auth.permission", "pk": 45, "fields": {"name": "Can view page", "content_type": 1, "codename": "view_page"}}, {"model": "auth.permission", "pk": 46, "fields": {"name": "Can add group page permission", "content_type": 13, "codename": "add_grouppagepermission"}}, {"model": "auth.permission", "pk": 47, "fields": {"name": "Can change group page permission", "content_type": 13, "codename": "change_grouppagepermission"}}, {"model": "auth.permission", "pk": 48, "fields": {"name": "Can delete group page permission", "content_type": 13, "codename": "delete_grouppagepermission"}}, {"model": "auth.permission", "pk": 49, "fields": {"name": "Can view group page permission", "content_type": 13, "codename": "view_grouppagepermission"}}, {"model": "auth.permission", "pk": 50, "fields": {"name": "Can add page revision", "content_type": 14, "codename": "add_pagerevision"}}, {"model": "auth.permission", "pk": 51, "fields": {"name": "Can change page revision", "content_type": 14, "codename": "change_pagerevision"}}, {"model": "auth.permission", "pk": 52, "fields": {"name": "Can delete page revision", "content_type": 14, "codename": "delete_pagerevision"}}, {"model": "auth.permission", "pk": 53, "fields": {"name": "Can view page revision", "content_type": 14, "codename": "view_pagerevision"}}, {"model": "auth.permission", "pk": 54, "fields": {"name": "Can add page view restriction", "content_type": 15, "codename": "add_pageviewrestriction"}}, {"model": "auth.permission", "pk": 55, "fields": {"name": "Can change page view restriction", "content_type": 15, "codename": "change_pageviewrestriction"}}, {"model": "auth.permission", "pk": 56, "fields": {"name": "Can delete page view restriction", "content_type": 15, "codename": "delete_pageviewrestriction"}}, {"model": "auth.permission", "pk": 57, "fields": {"name": "Can view page view restriction", "content_type": 15, "codename": "view_pageviewrestriction"}}, {"model": "auth.permission", "pk": 58, "fields": {"name": "Can add site", "content_type": 16, "codename": "add_site"}}, {"model": "auth.permission", "pk": 59, "fields": {"name": "Can change site", "content_type": 16, "codename": "change_site"}}, {"model": "auth.permission", "pk": 60, "fields": {"name": "Can delete site", "content_type": 16, "codename": "delete_site"}}, {"model": "auth.permission", "pk": 61, "fields": {"name": "Can view site", "content_type": 16, "codename": "view_site"}}, {"model": "auth.permission", "pk": 62, "fields": {"name": "Can add collection", "content_type": 17, "codename": "add_collection"}}, {"model": "auth.permission", "pk": 63, "fields": {"name": "Can change collection", "content_type": 17, "codename": "change_collection"}}, {"model": "auth.permission", "pk": 64, "fields": {"name": "Can delete collection", "content_type": 17, "codename": "delete_collection"}}, {"model": "auth.permission", "pk": 65, "fields": {"name": "Can view collection", "content_type": 17, "codename": "view_collection"}}, {"model": "auth.permission", "pk": 66, "fields": {"name": "Can add group collection permission", "content_type": 18, "codename": "add_groupcollectionpermission"}}, {"model": "auth.permission", "pk": 67, "fields": {"name": "Can change group collection permission", "content_type": 18, "codename": "change_groupcollectionpermission"}}, {"model": "auth.permission", "pk": 68, "fields": {"name": "Can delete group collection permission", "content_type": 18, "codename": "delete_groupcollectionpermission"}}, {"model": "auth.permission", "pk": 69, "fields": {"name": "Can view group collection permission", "content_type": 18, "codename": "view_groupcollectionpermission"}}, {"model": "auth.permission", "pk": 70, "fields": {"name": "Can add collection view restriction", "content_type": 19, "codename": "add_collectionviewrestriction"}}, {"model": "auth.permission", "pk": 71, "fields": {"name": "Can change collection view restriction", "content_type": 19, "codename": "change_collectionviewrestriction"}}, {"model": "auth.permission", "pk": 72, "fields": {"name": "Can delete collection view restriction", "content_type": 19, "codename": "delete_collectionviewrestriction"}}, {"model": "auth.permission", "pk": 73, "fields": {"name": "Can view collection view restriction", "content_type": 19, "codename": "view_collectionviewrestriction"}}, {"model": "auth.permission", "pk": 74, "fields": {"name": "Can add Tag", "content_type": 20, "codename": "add_tag"}}, {"model": "auth.permission", "pk": 75, "fields": {"name": "Can change Tag", "content_type": 20, "codename": "change_tag"}}, {"model": "auth.permission", "pk": 76, "fields": {"name": "Can delete Tag", "content_type": 20, "codename": "delete_tag"}}, {"model": "auth.permission", "pk": 77, "fields": {"name": "Can view Tag", "content_type": 20, "codename": "view_tag"}}, {"model": "auth.permission", "pk": 78, "fields": {"name": "Can add Tagged Item", "content_type": 21, "codename": "add_taggeditem"}}, {"model": "auth.permission", "pk": 79, "fields": {"name": "Can change Tagged Item", "content_type": 21, "codename": "change_taggeditem"}}, {"model": "auth.permission", "pk": 80, "fields": {"name": "Can delete Tagged Item", "content_type": 21, "codename": "delete_taggeditem"}}, {"model": "auth.permission", "pk": 81, "fields": {"name": "Can view Tagged Item", "content_type": 21, "codename": "view_taggeditem"}}, {"model": "auth.permission", "pk": 82, "fields": {"name": "Can add log entry", "content_type": 22, "codename": "add_logentry"}}, {"model": "auth.permission", "pk": 83, "fields": {"name": "Can change log entry", "content_type": 22, "codename": "change_logentry"}}, {"model": "auth.permission", "pk": 84, "fields": {"name": "Can delete log entry", "content_type": 22, "codename": "delete_logentry"}}, {"model": "auth.permission", "pk": 85, "fields": {"name": "Can view log entry", "content_type": 22, "codename": "view_logentry"}}, {"model": "auth.permission", "pk": 86, "fields": {"name": "Can add permission", "content_type": 23, "codename": "add_permission"}}, {"model": "auth.permission", "pk": 87, "fields": {"name": "Can change permission", "content_type": 23, "codename": "change_permission"}}, {"model": "auth.permission", "pk": 88, "fields": {"name": "Can delete permission", "content_type": 23, "codename": "delete_permission"}}, {"model": "auth.permission", "pk": 89, "fields": {"name": "Can view permission", "content_type": 23, "codename": "view_permission"}}, {"model": "auth.permission", "pk": 90, "fields": {"name": "Can add group", "content_type": 24, "codename": "add_group"}}, {"model": "auth.permission", "pk": 91, "fields": {"name": "Can change group", "content_type": 24, "codename": "change_group"}}, {"model": "auth.permission", "pk": 92, "fields": {"name": "Can delete group", "content_type": 24, "codename": "delete_group"}}, {"model": "auth.permission", "pk": 93, "fields": {"name": "Can view group", "content_type": 24, "codename": "view_group"}}, {"model": "auth.permission", "pk": 94, "fields": {"name": "Can add user", "content_type": 25, "codename": "add_user"}}, {"model": "auth.permission", "pk": 95, "fields": {"name": "Can change user", "content_type": 25, "codename": "change_user"}}, {"model": "auth.permission", "pk": 96, "fields": {"name": "Can delete user", "content_type": 25, "codename": "delete_user"}}, {"model": "auth.permission", "pk": 97, "fields": {"name": "Can view user", "content_type": 25, "codename": "view_user"}}, {"model": "auth.permission", "pk": 98, "fields": {"name": "Can add content type", "content_type": 26, "codename": "add_contenttype"}}, {"model": "auth.permission", "pk": 99, "fields": {"name": "Can change content type", "content_type": 26, "codename": "change_contenttype"}}, {"model": "auth.permission", "pk": 100, "fields": {"name": "Can delete content type", "content_type": 26, "codename": "delete_contenttype"}}, {"model": "auth.permission", "pk": 101, "fields": {"name": "Can view content type", "content_type": 26, "codename": "view_contenttype"}}, {"model": "auth.permission", "pk": 102, "fields": {"name": "Can add session", "content_type": 27, "codename": "add_session"}}, {"model": "auth.permission", "pk": 103, "fields": {"name": "Can change session", "content_type": 27, "codename": "change_session"}}, {"model": "auth.permission", "pk": 104, "fields": {"name": "Can delete session", "content_type": 27, "codename": "delete_session"}}, {"model": "auth.permission", "pk": 105, "fields": {"name": "Can view session", "content_type": 27, "codename": "view_session"}}, {"model": "auth.permission", "pk": 106, "fields": {"name": "Can add blog index page", "content_type": 28, "codename": "add_blogindexpage"}}, {"model": "auth.permission", "pk": 107, "fields": {"name": "Can change blog index page", "content_type": 28, "codename": "change_blogindexpage"}}, {"model": "auth.permission", "pk": 108, "fields": {"name": "Can delete blog index page", "content_type": 28, "codename": "delete_blogindexpage"}}, {"model": "auth.permission", "pk": 109, "fields": {"name": "Can view blog index page", "content_type": 28, "codename": "view_blogindexpage"}}, {"model": "auth.permission", "pk": 110, "fields": {"name": "Can add blog page", "content_type": 29, "codename": "add_blogpage"}}, {"model": "auth.permission", "pk": 111, "fields": {"name": "Can change blog page", "content_type": 29, "codename": "change_blogpage"}}, {"model": "auth.permission", "pk": 112, "fields": {"name": "Can delete blog page", "content_type": 29, "codename": "delete_blogpage"}}, {"model": "auth.permission", "pk": 113, "fields": {"name": "Can view blog page", "content_type": 29, "codename": "view_blogpage"}}, {"model": "auth.permission", "pk": 114, "fields": {"name": "Can add blog tag index page", "content_type": 30, "codename": "add_blogtagindexpage"}}, {"model": "auth.permission", "pk": 115, "fields": {"name": "Can change blog tag index page", "content_type": 30, "codename": "change_blogtagindexpage"}}, {"model": "auth.permission", "pk": 116, "fields": {"name": "Can delete blog tag index page", "content_type": 30, "codename": "delete_blogtagindexpage"}}, {"model": "auth.permission", "pk": 117, "fields": {"name": "Can view blog tag index page", "content_type": 30, "codename": "view_blogtagindexpage"}}, {"model": "auth.permission", "pk": 118, "fields": {"name": "Can add blog page tag", "content_type": 31, "codename": "add_blogpagetag"}}, {"model": "auth.permission", "pk": 119, "fields": {"name": "Can change blog page tag", "content_type": 31, "codename": "change_blogpagetag"}}, {"model": "auth.permission", "pk": 120, "fields": {"name": "Can delete blog page tag", "content_type": 31, "codename": "delete_blogpagetag"}}, {"model": "auth.permission", "pk": 121, "fields": {"name": "Can view blog page tag", "content_type": 31, "codename": "view_blogpagetag"}}, {"model": "auth.permission", "pk": 122, "fields": {"name": "Can add blog page gallery image", "content_type": 32, "codename": "add_blogpagegalleryimage"}}, {"model": "auth.permission", "pk": 123, "fields": {"name": "Can change blog page gallery image", "content_type": 32, "codename": "change_blogpagegalleryimage"}}, {"model": "auth.permission", "pk": 124, "fields": {"name": "Can delete blog page gallery image", "content_type": 32, "codename": "delete_blogpagegalleryimage"}}, {"model": "auth.permission", "pk": 125, "fields": {"name": "Can view blog page gallery image", "content_type": 32, "codename": "view_blogpagegalleryimage"}}, {"model": "auth.permission", "pk": 126, "fields": {"name": "Can add blog all tags", "content_type": 33, "codename": "add_blogalltags"}}, {"model": "auth.permission", "pk": 127, "fields": {"name": "Can change blog all tags", "content_type": 33, "codename": "change_blogalltags"}}, {"model": "auth.permission", "pk": 128, "fields": {"name": "Can delete blog all tags", "content_type": 33, "codename": "delete_blogalltags"}}, {"model": "auth.permission", "pk": 129, "fields": {"name": "Can view blog all tags", "content_type": 33, "codename": "view_blogalltags"}}, {"model": "auth.permission", "pk": 130, "fields": {"name": "Can add blog search", "content_type": 34, "codename": "add_blogsearch"}}, {"model": "auth.permission", "pk": 131, "fields": {"name": "Can change blog search", "content_type": 34, "codename": "change_blogsearch"}}, {"model": "auth.permission", "pk": 132, "fields": {"name": "Can delete blog search", "content_type": 34, "codename": "delete_blogsearch"}}, {"model": "auth.permission", "pk": 133, "fields": {"name": "Can view blog search", "content_type": 34, "codename": "view_blogsearch"}}, {"model": "auth.permission", "pk": 134, "fields": {"name": "Can add blog tree", "content_type": 35, "codename": "add_blogtree"}}, {"model": "auth.permission", "pk": 135, "fields": {"name": "Can change blog tree", "content_type": 35, "codename": "change_blogtree"}}, {"model": "auth.permission", "pk": 136, "fields": {"name": "Can delete blog tree", "content_type": 35, "codename": "delete_blogtree"}}, {"model": "auth.permission", "pk": 137, "fields": {"name": "Can view blog tree", "content_type": 35, "codename": "view_blogtree"}}, {"model": "auth.permission", "pk": 138, "fields": {"name": "Can add blog all categories", "content_type": 36, "codename": "add_blogallcategories"}}, {"model": "auth.permission", "pk": 139, "fields": {"name": "Can change blog all categories", "content_type": 36, "codename": "change_blogallcategories"}}, {"model": "auth.permission", "pk": 140, "fields": {"name": "Can delete blog all categories", "content_type": 36, "codename": "delete_blogallcategories"}}, {"model": "auth.permission", "pk": 141, "fields": {"name": "Can view blog all categories", "content_type": 36, "codename": "view_blogallcategories"}}, {"model": "auth.permission", "pk": 142, "fields": {"name": "Can add Category", "content_type": 37, "codename": "add_blogcategory"}}, {"model": "auth.permission", "pk": 143, "fields": {"name": "Can change Category", "content_type": 37, "codename": "change_blogcategory"}}, {"model": "auth.permission", "pk": 144, "fields": {"name": "Can delete Category", "content_type": 37, "codename": "delete_blogcategory"}}, {"model": "auth.permission", "pk": 145, "fields": {"name": "Can view Category", "content_type": 37, "codename": "view_blogcategory"}}, {"model": "auth.permission", "pk": 146, "fields": {"name": "Can add site", "content_type": 38, "codename": "add_site"}}, {"model": "auth.permission", "pk": 147, "fields": {"name": "Can change site", "content_type": 38, "codename": "change_site"}}, {"model": "auth.permission", "pk": 148, "fields": {"name": "Can delete site", "content_type": 38, "codename": "delete_site"}}, {"model": "auth.permission", "pk": 149, "fields": {"name": "Can view site", "content_type": 38, "codename": "view_site"}}, {"model": "auth.permission", "pk": 150, "fields": {"name": "Can add comment", "content_type": 39, "codename": "add_comment"}}, {"model": "auth.permission", "pk": 151, "fields": {"name": "Can change comment", "content_type": 39, "codename": "change_comment"}}, {"model": "auth.permission", "pk": 152, "fields": {"name": "Can delete comment", "content_type": 39, "codename": "delete_comment"}}, {"model": "auth.permission", "pk": 153, "fields": {"name": "Can view comment", "content_type": 39, "codename": "view_comment"}}, {"model": "auth.permission", "pk": 154, "fields": {"name": "Can moderate comments", "content_type": 39, "codename": "can_moderate"}}, {"model": "auth.permission", "pk": 155, "fields": {"name": "Can add comment flag", "content_type": 40, "codename": "add_commentflag"}}, {"model": "auth.permission", "pk": 156, "fields": {"name": "Can change comment flag", "content_type": 40, "codename": "change_commentflag"}}, {"model": "auth.permission", "pk": 157, "fields": {"name": "Can delete comment flag", "content_type": 40, "codename": "delete_commentflag"}}, {"model": "auth.permission", "pk": 158, "fields": {"name": "Can view comment flag", "content_type": 40, "codename": "view_commentflag"}}, {"model": "auth.group", "pk": 1, "fields": {"name": "Moderators", "permissions": [1, 2, 3, 4, 5, 6, 7]}}, {"model": "auth.group", "pk": 2, "fields": {"name": "Editors", "permissions": [1, 2, 3, 4, 5, 6, 7]}}, {"model": "auth.user", "pk": 1, "fields": {"password": "pbkdf2_sha256$150000$92YXRxy29nuI$KUNKR1kEpqZRxyL97c+6P6ixvS78wNtNhpMXm3JfnEs=", "last_login": "2019-06-19T09:48:41.514Z", "is_superuser": true, "username": "admin", "first_name": "", "last_name": "", "email": "mysite@gmail.com", "is_staff": true, "is_active": true, "date_joined": "2019-06-05T08:15:35.505Z", "groups": [], "user_permissions": []}}, {"model": "blog.blogindexpage", "pk": 17, "fields": {"intro": ""}}, {"model": "blog.blogindexpage", "pk": 19, "fields": {"intro": "<p>next posts:</p>"}}, {"model": "blog.blogpage", "pk": 20, "fields": {"date": "2019-06-12", "intro": "intro-page1", "body": "[{\"type\": \"heading\", \"value\": \"Theme1\", \"id\": \"c88ae444-5083-402a-81f1-fb40e1bce38c\"}, {\"type\": \"paragraph\", \"value\": \"<p><b>Hermes</b> (<a href=\\\"https://en.wikipedia.org/wiki/Help:IPA/English\\\">/\\u02c8h\\u025c\\u02d0rmi\\u02d0z/</a>; <a href=\\\"https://en.wikipedia.org/wiki/Greek_language\\\">Greek</a>: \\u1f19\\u03c1\\u03bc\\u1fc6\\u03c2) is the god of trade, <a href=\\\"https://en.wikipedia.org/wiki/Heraldry\\\">heraldry</a>, merchants, commerce, roads, thieves, trickery, sports, travelers, and athletes in <a href=\\\"https://en.wikipedia.org/wiki/Religion_in_Ancient_Greece\\\">Ancient Greek religion</a> and <a href=\\\"https://en.wikipedia.org/wiki/Greek_mythology\\\">mythology</a>; the son of <a href=\\\"https://en.wikipedia.org/wiki/Zeus\\\">Zeus</a> and the <a href=\\\"https://en.wikipedia.org/wiki/Pleiades_(Greek_mythology)\\\">Pleiad</a> <a href=\\\"https://en.wikipedia.org/wiki/Maia_(mythology)\\\">Maia</a>, he was the second youngest of the <a href=\\\"https://en.wikipedia.org/wiki/Twelve_Olympians\\\">Olympian gods</a> (<a href=\\\"https://en.wikipedia.org/wiki/Dionysus\\\">Dionysus</a> being the youngest).</p><p>Hermes was the emissary and messenger of the gods.<a href=\\\"https://en.wikipedia.org/wiki/Hermes#cite_note-1\\\">[1]</a> Hermes was also &quot;the divine trickster&quot;<a href=\\\"https://en.wikipedia.org/wiki/Hermes#cite_note-2\\\">[2]</a> and &quot;the god of boundaries and the transgression of boundaries, ... the patron of herdsmen, thieves, graves, and heralds.&quot;<a href=\\\"https://en.wikipedia.org/wiki/Hermes#cite_note-3\\\">[3]</a> He is described as moving freely between the worlds of the mortal and divine, and was the <a href=\\\"https://en.wikipedia.org/wiki/Psychopomp\\\">conductor of souls</a> into the afterlife.<a href=\\\"https://en.wikipedia.org/wiki/Hermes#cite_note-4\\\">[4]</a> He was also viewed as the protector and patron of roads and travelers.<a href=\\\"https://en.wikipedia.org/wiki/Hermes#cite_note-5\\\">[5]</a></p><p>In some myths, he is a <a href=\\\"https://en.wikipedia.org/wiki/Trickster\\\">trickster</a> and outwits other gods for his own satisfaction or for the sake of humankind. His attributes and symbols include the <a href=\\\"https://en.wikipedia.org/wiki/Herma\\\">herma</a>, the <a href=\\\"https://en.wikipedia.org/wiki/Rooster\\\">rooster</a>, the <a href=\\\"https://en.wikipedia.org/wiki/Tortoise\\\">tortoise</a>, <a href=\\\"https://en.wikipedia.org/wiki/Wallet\\\">satchel</a> or pouch, <a href=\\\"https://en.wikipedia.org/wiki/Talaria\\\">winged sandals</a>, and <a href=\\\"https://en.wikipedia.org/wiki/Petasus\\\">winged cap</a>. His main symbol is the Greek <a href=\\\"https://en.wikipedia.org/wiki/Kerykeion\\\"><i>kerykeion</i></a> or Latin <a href=\\\"https://en.wikipedia.org/wiki/Caduceus\\\"><i>caduceus</i></a><i>,</i> which appears in a form of two snakes wrapped around a winged staff with carvings of the other gods.<a href=\\\"https://en.wikipedia.org/wiki/Hermes#cite_note-6\\\">[6]</a></p><p>In the Roman adaptation of the Greek pantheon (see <a href=\\\"https://en.wikipedia.org/wiki/Interpretatio_graeca\\\"><i>interpretatio romana</i></a>), Hermes is identified with the Roman god <a href=\\\"https://en.wikipedia.org/wiki/Mercury_(mythology)\\\">Mercury</a>,<a href=\\\"https://en.wikipedia.org/wiki/Hermes#cite_note-7\\\">[7]</a> who, though inherited from the <a href=\\\"https://en.wikipedia.org/wiki/Etruscans\\\">Etruscans</a>, developed many similar characteristics such as being the patron of commerce.</p>\", \"id\": \"da19a3e6-db6d-400c-9c21-05ff82b9ec73\"}, {\"type\": \"image_left\", \"value\": {\"image\": 1, \"caption\": \"bits\"}, \"id\": \"080b9b0f-c4b3-4c18-9c3f-7f03f97eef38\"}, {\"type\": \"paragraph\", \"value\": \"<p>In some myths, he is a <a href=\\\"https://en.wikipedia.org/wiki/Trickster\\\">trickster</a> and outwits other gods for his own satisfaction or for the sake of humankind. His attributes and symbols include the <a href=\\\"https://en.wikipedia.org/wiki/Herma\\\">herma</a>, the <a href=\\\"https://en.wikipedia.org/wiki/Rooster\\\">rooster</a>, the <a href=\\\"https://en.wikipedia.org/wiki/Tortoise\\\">tortoise</a>, <a href=\\\"https://en.wikipedia.org/wiki/Wallet\\\">satchel</a> or pouch, <a href=\\\"https://en.wikipedia.org/wiki/Talaria\\\">winged sandals</a>, and <a href=\\\"https://en.wikipedia.org/wiki/Petasus\\\">winged cap</a>. His main symbol is the Greek <a href=\\\"https://en.wikipedia.org/wiki/Kerykeion\\\"><i>kerykeion</i></a> or Latin <a href=\\\"https://en.wikipedia.org/wiki/Caduceus\\\"><i>caduceus</i></a><i>,</i> which appears in a form of two snakes wrapped around a winged staff with carvings of the other gods.<a href=\\\"https://en.wikipedia.org/wiki/Hermes#cite_note-6\\\">[6]</a></p><p>In the Roman adaptation of the Greek pantheon (see <a href=\\\"https://en.wikipedia.org/wiki/Interpretatio_graeca\\\"><i>interpretatio romana</i></a>), Hermes is identified with the Roman god <a href=\\\"https://en.wikipedia.org/wiki/Mercury_(mythology)\\\">Mercury</a>,<a href=\\\"https://en.wikipedia.org/wiki/Hermes#cite_note-7\\\">[7]</a> who, though inherited from the <a href=\\\"https://en.wikipedia.org/wiki/Etruscans\\\">Etruscans</a>, developed many similar characteristics such as being the patron of commerce.</p>\", \"id\": \"a1260593-70af-42c5-b719-8d42492423b0\"}, {\"type\": \"image_center\", \"value\": {\"image\": 5, \"caption\": \"more bits\"}, \"id\": \"387bad84-f1ac-41fd-b7f3-2dd064c58441\"}]", "categories": []}}, {"model": "blog.blogpage", "pk": 23, "fields": {"date": "2019-06-06", "intro": "intro-page4", "body": "<p></p><ul><li>You are here:</li><li><a href=\"https://djangobook.com/\">Home</a></li><li><a href=\"https://djangobook.com/django-sessions/\">Django Sessions</a></li></ul><p></p><p>Imagine you had to log back in to a website every time you navigated to another page, or your favorite websites forgot all of your settings and you had to enter them again each time you visited?</p><p>Modern websites could not provide the usability and convenience we are used to without some way of remembering who you are and your previous activities on the website. HTTP is, by design, <i>stateless</i> \u2013 there is no persistence between one request and the next, and there is no way the server can tell whether successive requests come from the same person.</p><p>This lack of state is managed using <i>sessions</i>,\u00a0which are a semi-permanent, two-way communication between your browser and the web server. When you visit a modern website, in the majority of cases, the web server will use an <i>anonymous session</i> to keep track of data relevant to your visit. The session is called anonymous because the web server can only record what you did, not who you are.</p>", "categories": []}}, {"model": "blog.blogpage", "pk": 25, "fields": {"date": "2019-06-10", "intro": "intro-page6", "body": "<p>The <a href=\"https://en.wikipedia.org/wiki/Egyptian_language\">Egyptian</a> pronunciation of <i>\u1e0f\u1e25wty</i> is not fully known, but may be reconstructed as *<i>\u1e0fi\u1e25aut\u012b,</i> perhaps pronounced *[t\u0361\u0283\u02bci.\u02c8\u0127au.t\u02b0i\u02d0] or *[ci.\u02c8\u0127au.t\u02b0i\u02d0]. This reconstruction is based on the <a href=\"https://en.wikipedia.org/wiki/Ancient_Greek\">Ancient Greek</a> borrowing <i>Th\u014dth</i> (\u0398\u03ce\u03b8 [t\u02b0\u0254\u02d0t\u02b0]) or <i>Theut</i> and the fact that the name was transliterated into <a href=\"https://en.wikipedia.org/wiki/Coptic_language\">Sahidic Coptic</a> variously as \u2c91\u2c9f\u2c9f\u2ca9\u2ca7 <i>Thoout</i>, \u2c91\u2cb1\u2c91 <i>Th\u014dth</i>, \u2c91\u2c9f\u2c9f\u2ca7 <i>Thoot</i>, \u2c91\u2c81\u2ca9\u2ca7 <i>Thaut</i>, as well as <a href=\"https://en.wikipedia.org/wiki/Coptic_language\">Bohairic Coptic</a> \u2c91\u2cb1\u2c9f\u2ca9\u2ca7 <i>Th\u014dout</i>. These spellings reflect known sound changes from earlier Egyptian such as the loss of <i>\u1e0f</i> palatalization and merger of <i>\u1e25</i> with <i>h</i> i.e. initial <i>\u1e0f\u1e25 &gt; th &gt; t\u02b0.</i><a href=\"https://en.wikipedia.org/wiki/Thoth#cite_note-15\">[14]</a> The loss of pre-Coptic final <i>y/j</i> is also common.<a href=\"https://en.wikipedia.org/wiki/Thoth#cite_note-16\">[15]</a> Following Egyptological convention, which eschews vowel reconstruction, the consonant skeleton <i>\u1e0f\u1e25wty</i> would be rendered &quot;Djehuti&quot; and the god is sometimes found under this name. However, the Greek form &quot;Thoth&quot; is more common.</p><p>According to Theodor Hopfner,<a href=\"https://en.wikipedia.org/wiki/Thoth#cite_note-17\">[16]</a> Thoth&#x27;s Egyptian name written as <i>\u1e0f\u1e25wty</i> originated from <i>\u1e0f\u1e25w</i>, claimed to be the oldest known name for the <a href=\"https://en.wikipedia.org/wiki/African_sacred_ibis\">ibis</a>, normally written as <i>hbj</i>. The addition of <i>-ty</i> denotes that he possessed the attributes of the ibis.<a href=\"https://en.wikipedia.org/wiki/Thoth#cite_note-Budge_p._402-18\">[17]</a> Hence Thoth&#x27;s name would mean &quot;He who is like the ibis&quot;, according to this interpretation.</p>", "categories": []}}, {"model": "blog.blogpage", "pk": 26, "fields": {"date": "2019-06-10", "intro": "intro-page7", "body": "<p>Thoth has played a prominent role in many of the Egyptian myths. In the <a href=\"https://en.wikipedia.org/wiki/Osiris_myth\">Osiris myth</a>, being of great aid to <a href=\"https://en.wikipedia.org/wiki/Isis\">Isis</a>. After Isis gathered together the pieces of Osiris&#x27;s dismembered body, he gave her the words to resurrect him so she could be impregnated and bring forth Horus. After a battle between Horus and Set in which the latter plucked out Horus&#x27; eye, Thoth&#x27;s counsel provided him the wisdom he needed to recover it.</p><p>This mythology also credits him with the creation of the 365-day calendar. Originally, according to the myth, the year was only 360 days long and <a href=\"https://en.wikipedia.org/wiki/Nut_(goddess)\">Nut</a> was sterile during these days, unable to bear children. Thoth gambled with the Moon for 1/72nd of its light (360/72 = 5), or 5 days, and won. During these 5 days, Nut and Geb gave birth to Osiris, Set, Isis, and Nephthys.</p>", "categories": []}}, {"model": "blog.blogpage", "pk": 27, "fields": {"date": "2019-06-10", "intro": "intro-page8", "body": "<p>The <b>Anunnaki</b> (also transcribed as <b>Anunaki</b>, <b>Anunna</b>, <b>Ananaki</b>, and other variations) are a group of <a href=\"https://en.wikipedia.org/wiki/Deity\">deities</a> that appear in the mythological traditions of the ancient <a href=\"https://en.wikipedia.org/wiki/Sumerian_religion\">Sumerians</a>, <a href=\"https://en.wikipedia.org/wiki/Akkadian_Empire\">Akkadians</a>, <a href=\"https://en.wikipedia.org/wiki/Assyria\">Assyrians</a>, and <a href=\"https://en.wikipedia.org/wiki/Babylonian_religion\">Babylonians</a>.<a href=\"https://en.wikipedia.org/wiki/Anunnaki#cite_note-FOOTNOTEBlackGreen199234-4\">[4]</a> Descriptions of how many Anunnaki there were and what role they fulfilled are inconsistent and often contradictory. In the earliest Sumerian writings about them, which come from the Post-Akkadian period, the Anunnaki are the most powerful deities in the pantheon, descendants of <a href=\"https://en.wikipedia.org/wiki/Anu\">An</a> and <a href=\"https://en.wikipedia.org/wiki/Ki_(goddess)\">Ki</a>, the god of the heavens and the goddess of earth, and their primary function is to <a href=\"https://en.wikipedia.org/wiki/Time_and_fate_deities\">decree the fates of humanity</a>.</p><p>In <a href=\"https://en.wikipedia.org/wiki/Inanna#Descent_into_the_Underworld\"><i>Inanna&#x27;s Descent into the Netherworld</i></a>, the Anunnaki are portrayed as seven judges who sit before the throne of <a href=\"https://en.wikipedia.org/wiki/Ereshkigal\">Ereshkigal</a> in the <a href=\"https://en.wikipedia.org/wiki/Ancient_Mesopotamian_Underworld\">Underworld</a>. Later Akkadian texts, such as the <a href=\"https://en.wikipedia.org/wiki/Epic_of_Gilgamesh\"><i>Epic of Gilgamesh</i></a>, follow this portrayal. During the Old Babylonian period, the Anunnaki were believed to be the <a href=\"https://en.wikipedia.org/wiki/Chthonic\">chthonic</a> deities of the Underworld, while the gods of the heavens were known as the <a href=\"https://en.wikipedia.org/wiki/Igigi\">Igigi</a>. The ancient <a href=\"https://en.wikipedia.org/wiki/Hittites\">Hittites</a> identified the Anunnaki as the oldest generation of gods, who had been overthrown and banished to the Underworld by the younger gods. The Anunnaki have featured prominently in works of modern <a href=\"https://en.wikipedia.org/wiki/Pseudohistory\">pseudohistory</a>, such as the books of <a href=\"https://en.wikipedia.org/wiki/Zecharia_Sitchin\">Zecharia Sitchin</a>, and in <a href=\"https://en.wikipedia.org/wiki/Conspiracy_theory\">conspiracy theories</a>, such as those of <a href=\"https://en.wikipedia.org/wiki/David_Icke\">David Icke</a>.</p>", "categories": []}}, {"model": "blog.blogpage", "pk": 28, "fields": {"date": "2019-06-10", "intro": "intro-page9", "body": "<p>The name <i>Anunnaki</i> is derived from <a href=\"https://en.wikipedia.org/wiki/Anu\">An</a>,<a href=\"https://en.wikipedia.org/wiki/Anunnaki#cite_note-FOOTNOTELeemings200921-5\">[5]</a> the Sumerian god of the sky.<a href=\"https://en.wikipedia.org/wiki/Anunnaki#cite_note-FOOTNOTELeemings200921-5\">[5]</a> The name is variously written &quot;<a href=\"https://en.wikipedia.org/wiki/Determinative\"><i>d</i></a>a-nuna&quot;, &quot;<i>d</i>a-nuna-ke4-ne&quot;, or &quot;<i>d</i>a-nun-na&quot;, meaning &quot;princely offspring&quot; or &quot;offspring of An&quot;.<a href=\"https://en.wikipedia.org/wiki/Anunnaki#cite_note-FOOTNOTEBlackGreen199234-4\">[4]</a></p><p>The Anunnaki were believed to be the offspring of <a href=\"https://en.wikipedia.org/wiki/Anu\">An</a> and his consort, the earth goddess <a href=\"https://en.wikipedia.org/wiki/Ki_(goddess)\">Ki</a>.<a href=\"https://en.wikipedia.org/wiki/Anunnaki#cite_note-FOOTNOTEBlackGreen199234-4\">[4]</a> <a href=\"https://en.wikipedia.org/wiki/Samuel_Noah_Kramer\">Samuel Noah Kramer</a> identifies Ki with the Sumerian mother goddess <a href=\"https://en.wikipedia.org/wiki/Ninhursag\">Ninhursag</a>, stating that they were originally the same figure.<a href=\"https://en.wikipedia.org/wiki/Anunnaki#cite_note-FOOTNOTEKramer196141-6\">[6]</a><a href=\"https://en.wikipedia.org/wiki/Anunnaki#cite_note-FOOTNOTEKramer1963122-7\">[7]</a> The oldest of the Anunnaki was <a href=\"https://en.wikipedia.org/wiki/Enlil\">Enlil</a>, the god of air<a href=\"https://en.wikipedia.org/wiki/Anunnaki#cite_note-FOOTNOTEColemanDavidson2015108-8\">[8]</a> and chief god of the Sumerian pantheon.<a href=\"https://en.wikipedia.org/wiki/Anunnaki#cite_note-FOOTNOTEKramer1983115%E2%80%93121-9\">[9]</a> The Sumerians believed that, until Enlil was born, heaven and earth were inseparable.<a href=\"https://en.wikipedia.org/wiki/Anunnaki#cite_note-FOOTNOTEKramer196172%E2%80%9373-10\">[10]</a> Then, Enlil cleaved heaven and earth in two<a href=\"https://en.wikipedia.org/wiki/Anunnaki#cite_note-FOOTNOTEKramer196172%E2%80%9373-10\">[10]</a> and carried away the earth<a href=\"https://en.wikipedia.org/wiki/Anunnaki#cite_note-FOOTNOTEKramer196172%E2%80%9375-11\">[11]</a> while his father An carried away the sky.<a href=\"https://en.wikipedia.org/wiki/Anunnaki#cite_note-FOOTNOTEKramer196172%E2%80%9375-11\">[11]</a></p>", "categories": []}}, {"model": "blog.blogpage", "pk": 29, "fields": {"date": "2019-06-10", "intro": "intro-page10", "body": "<p>The <b>Hebrew alphabet</b> (<a href=\"https://en.wikipedia.org/wiki/Hebrew_language\">Hebrew</a>: <a href=\"https://en.wiktionary.org/wiki/%D7%90%D7%9C%D7%A4%D7%91%D7%99%D7%AA\">\u05d0\u05b8\u05dc\u05b6\u05e3\u05be\u05d1\u05b5\u05bc\u05d9\u05ea</a> \u05e2\u05b4\u05d1\u05b0\u05e8\u05b4\u05d9,<a href=\"https://en.wikipedia.org/wiki/Hebrew_alphabet#endnote_Common_Hebrew_Spelling\">[a]</a> <i>Alefbet \u2018Ivri</i>), known variously by scholars as the <b>Jewish script</b>, <b>square script</b>, and <b>block script</b>, is an <a href=\"https://en.wikipedia.org/wiki/Abjad\">abjad</a> script used in the writing of the <a href=\"https://en.wikipedia.org/wiki/Hebrew_language\">Hebrew language</a>. It is also used in the writing of other <a href=\"https://en.wikipedia.org/wiki/Jewish_languages\">Jewish languages</a>, most notably <a href=\"https://en.wikipedia.org/wiki/Yiddish\">Yiddish</a>, <a href=\"https://en.wikipedia.org/wiki/Judaeo-Spanish\">Judaeo-Spanish</a>, <a href=\"https://en.wikipedia.org/wiki/Judeo-Arabic_languages\">Judeo-Arabic</a>, and <a href=\"https://en.wikipedia.org/wiki/Judeo-Persian\">Judeo-Persian</a>.</p><p>Historically, two separate abjad scripts have been used to write Hebrew. The original, old Hebrew script, known as the <a href=\"https://en.wikipedia.org/wiki/Paleo-Hebrew_alphabet\">paleo-Hebrew alphabet</a>, has been largely preserved in a variant form as the <a href=\"https://en.wikipedia.org/wiki/Samaritan_alphabet\">Samaritan alphabet</a>. The present &quot;Jewish script&quot; or &quot;square script&quot;, on the contrary, is a stylized form of the <a href=\"https://en.wikipedia.org/wiki/Aramaic_alphabet\">Aramaic alphabet</a> and was known by Jewish sages as the <a href=\"https://en.wikipedia.org/wiki/Ashuri_alphabet\">Ashuri alphabet</a> (lit. &quot;Assyrian&quot;), since its origins were alleged to be from <a href=\"https://en.wikipedia.org/wiki/Assyria\">Assyria</a>.<a href=\"https://en.wikipedia.org/wiki/Hebrew_alphabet#cite_note-2\">[2]</a></p><p>Various &quot;styles&quot; (in current terms, &quot;<a href=\"https://en.wikipedia.org/wiki/Font\">fonts</a>&quot;) of representation of the Jewish script letters described in this article also exist, including a variety of <a href=\"https://en.wikipedia.org/wiki/Cursive_Hebrew\">cursive Hebrew</a> styles. In the remainder of this article, the term &quot;Hebrew alphabet&quot; refers to the square script unless otherwise indicated.</p><p>The Hebrew alphabet has 22 letters. It does not have <a href=\"https://en.wikipedia.org/wiki/Letter_case\">case</a>, but five letters have different forms when used at the end of a word. Hebrew is <a href=\"https://en.wikipedia.org/wiki/Writing_system#Directionality\">written from right to left</a>. Originally, the alphabet was an abjad consisting only of <a href=\"https://en.wikipedia.org/wiki/Consonant\">consonants</a>, but is now considered an &quot;<a href=\"https://en.wikipedia.org/wiki/Impure_abjad\">impure abjad</a>&quot;. As with other abjads, such as the <a href=\"https://en.wikipedia.org/wiki/Arabic_alphabet\">Arabic alphabet</a>, during its centuries-long use scribes devised means of indicating <a href=\"https://en.wikipedia.org/wiki/Vowel\">vowel</a> sounds by separate vowel points, known in Hebrew as <a href=\"https://en.wikipedia.org/wiki/Niqqud\"><i>niqqud</i></a><i>.</i> In both biblical and rabbinic Hebrew, the letters <a href=\"https://en.wikipedia.org/wiki/Yodh\">\u05d9</a> <a href=\"https://en.wikipedia.org/wiki/Waw_(letter)\">\u05d5</a> <a href=\"https://en.wikipedia.org/wiki/He_(letter)\">\u05d4</a> <a href=\"https://en.wikipedia.org/wiki/Aleph\">\u05d0</a> can also function as <a href=\"https://en.wikipedia.org/wiki/Mater_lectionis\"><i>matres lectionis</i></a>, which is when certain consonants are used to indicate vowels. There is a trend in <a href=\"https://en.wikipedia.org/wiki/Modern_Hebrew\">Modern Hebrew</a> towards the use of <i>matres lectionis</i> to indicate vowels that have traditionally gone unwritten, a practice known as &quot;<a href=\"https://en.wikipedia.org/wiki/Full_spelling\">full spelling</a>&quot;.</p><p>The <a href=\"https://en.wikipedia.org/wiki/Yiddish_alphabet\">Yiddish alphabet</a>, a modified version of the Hebrew alphabet used to write Yiddish, is a true alphabet, with all vowels rendered in the spelling, except in the case of inherited Hebrew words, which typically retain their Hebrew spellings.</p><p>The Arabic and Hebrew alphabets have similarities because they are both derived from the Aramaic alphabet.</p>", "categories": []}}, {"model": "blog.blogpage", "pk": 33, "fields": {"date": "2019-06-11", "intro": "intro-post11", "body": "[{\"type\": \"paragraph\", \"value\": \"<p>This is a video:</p>\", \"id\": \"6ba2cf4c-3752-40b5-b2c3-4ee200193f51\"}, {\"type\": \"paragraph\", \"value\": \"<p>text</p>\", \"id\": \"6bc0c567-7dea-4d42-b252-1b3ec78ad2ac\"}, {\"type\": \"htmljs\", \"value\": \"<iframe width=\\\"560\\\" height=\\\"315\\\" src=\\\"https://www.youtube.com/embed/vD_Q0EF6s2k\\\" frameborder=\\\"0\\\" allow=\\\"accelerometer; autoplay; encrypted-media; gyroscope; picture-in-picture\\\" allowfullscreen></iframe>\", \"id\": \"3cebe74e-be0b-458c-aa76-94dde205a593\"}, {\"type\": \"paragraph\", \"value\": \"<p>text2</p>\", \"id\": \"452ba947-5576-47dd-9720-ee3ab6cda3f0\"}]", "categories": []}}, {"model": "blog.blogtagindexpage", "pk": 18, "fields": {}}, {"model": "blog.blogalltags", "pk": 30, "fields": {}}, {"model": "blog.blogsearch", "pk": 31, "fields": {}}, {"model": "blog.blogtree", "pk": 32, "fields": {}}, {"model": "wagtailcore.groupcollectionpermission", "pk": 1, "fields": {"group": 2, "collection": 1, "permission": 2}}, {"model": "wagtailcore.groupcollectionpermission", "pk": 2, "fields": {"group": 1, "collection": 1, "permission": 2}}, {"model": "wagtailcore.groupcollectionpermission", "pk": 3, "fields": {"group": 2, "collection": 1, "permission": 3}}, {"model": "wagtailcore.groupcollectionpermission", "pk": 4, "fields": {"group": 1, "collection": 1, "permission": 3}}, {"model": "wagtailcore.groupcollectionpermission", "pk": 5, "fields": {"group": 2, "collection": 1, "permission": 5}}, {"model": "wagtailcore.groupcollectionpermission", "pk": 6, "fields": {"group": 1, "collection": 1, "permission": 5}}, {"model": "wagtailcore.groupcollectionpermission", "pk": 7, "fields": {"group": 2, "collection": 1, "permission": 6}}, {"model": "wagtailcore.groupcollectionpermission", "pk": 8, "fields": {"group": 1, "collection": 1, "permission": 6}}, {"model": "wagtailcore.grouppagepermission", "pk": 1, "fields": {"group": 1, "page": 1, "permission_type": "add"}}, {"model": "wagtailcore.grouppagepermission", "pk": 2, "fields": {"group": 1, "page": 1, "permission_type": "edit"}}, {"model": "wagtailcore.grouppagepermission", "pk": 3, "fields": {"group": 1, "page": 1, "permission_type": "publish"}}, {"model": "wagtailcore.grouppagepermission", "pk": 4, "fields": {"group": 2, "page": 1, "permission_type": "add"}}, {"model": "wagtailcore.grouppagepermission", "pk": 5, "fields": {"group": 2, "page": 1, "permission_type": "edit"}}, {"model": "wagtailcore.grouppagepermission", "pk": 6, "fields": {"group": 1, "page": 1, "permission_type": "lock"}}, {"model": "wagtailcore.pagerevision", "pk": 82, "fields": {"page": 20, "submitted_for_moderation": false, "created_at": "2019-06-12T07:45:06.086Z", "user": 1, "content_json": "{\"pk\": 20, \"path\": \"00010001000200020001\", \"depth\": 5, \"numchild\": 0, \"title\": \"Page1\", \"draft_title\": \"Page1\", \"slug\": \"page1\", \"content_type\": 29, \"live\": true, \"has_unpublished_changes\": false, \"url_path\": \"/home/index-blog/posts/page1/\", \"owner\": 1, \"seo_title\": \"\", \"show_in_menus\": false, \"search_description\": \"\", \"go_live_at\": null, \"expire_at\": null, \"expired\": false, \"locked\": false, \"first_published_at\": \"2019-06-10T15:07:35.291Z\", \"last_published_at\": \"2019-06-10T15:07:35.291Z\", \"latest_revision_created_at\": \"2019-06-10T15:07:35.291Z\", \"live_revision\": null, \"date\": \"2019-06-05\", \"intro\": \"intro-page1\", \"body\": \"[{\\\"type\\\": \\\"image\\\", \\\"value\\\": 1, \\\"id\\\": \\\"001edb6e-f0a2-442f-b6ae-ba6741fa5421\\\"}, {\\\"type\\\": \\\"heading\\\", \\\"value\\\": \\\"Theme1\\\", \\\"id\\\": \\\"c88ae444-5083-402a-81f1-fb40e1bce38c\\\"}, {\\\"type\\\": \\\"paragraph\\\", \\\"value\\\": \\\"<p>Python is an interpreted, high-level, general-purpose programming  language. Created by Guido van Rossum and first released in 1991,  Python&#x27;s design philosophy emphasizes code readability with its notable  use of significant whitespace. <a href=\\\\\\\"https://en.wikipedia.org/wiki/Python_(programming_language)\\\\\\\">Wikipedia</a></p>\\\", \\\"id\\\": \\\"da19a3e6-db6d-400c-9c21-05ff82b9ec73\\\"}]\", \"tagged_items\": [{\"pk\": null, \"tag\": 9, \"content_object\": 20}], \"gallery_images\": []}", "approved_go_live_at": null}}, {"model": "wagtailcore.pagerevision", "pk": 83, "fields": {"page": 20, "submitted_for_moderation": false, "created_at": "2019-06-12T08:03:46.977Z", "user": 1, "content_json": "{\"pk\": 20, \"path\": \"00010001000200020001\", \"depth\": 5, \"numchild\": 0, \"title\": \"Page1\", \"draft_title\": \"Page1\", \"slug\": \"page1\", \"content_type\": 29, \"live\": true, \"has_unpublished_changes\": false, \"url_path\": \"/home/index-blog/posts/page1/\", \"owner\": 1, \"seo_title\": \"\", \"show_in_menus\": false, \"search_description\": \"\", \"go_live_at\": null, \"expire_at\": null, \"expired\": false, \"locked\": false, \"first_published_at\": \"2019-06-10T15:07:35.291Z\", \"last_published_at\": \"2019-06-12T07:45:06.336Z\", \"latest_revision_created_at\": \"2019-06-12T07:45:06.086Z\", \"live_revision\": 82, \"date\": \"2019-06-05\", \"intro\": \"intro-page1\", \"body\": \"[{\\\"type\\\": \\\"image\\\", \\\"value\\\": 1, \\\"id\\\": \\\"001edb6e-f0a2-442f-b6ae-ba6741fa5421\\\"}, {\\\"type\\\": \\\"heading\\\", \\\"value\\\": \\\"Theme1\\\", \\\"id\\\": \\\"c88ae444-5083-402a-81f1-fb40e1bce38c\\\"}, {\\\"type\\\": \\\"paragraph\\\", \\\"value\\\": \\\"<p>Python is an interpreted, high-level, general-purpose programming language. Created by Guido van Rossum and first released in 1991, Python&#x27;s design philosophy emphasizes code readability with its notable use of significant whitespace. <a href=\\\\\\\"https://en.wikipedia.org/wiki/Python_(programming_language)\\\\\\\">Wikipedia</a></p>\\\", \\\"id\\\": \\\"da19a3e6-db6d-400c-9c21-05ff82b9ec73\\\"}]\", \"tagged_items\": [{\"pk\": null, \"tag\": 9, \"content_object\": 20}], \"gallery_images\": [{\"pk\": null, \"sort_order\": 0, \"page\": 20, \"image\": 2, \"caption\": \"some image\"}]}", "approved_go_live_at": null}}, {"model": "wagtailcore.pagerevision", "pk": 84, "fields": {"page": 20, "submitted_for_moderation": false, "created_at": "2019-06-12T08:09:45.904Z", "user": 1, "content_json": "{\"pk\": 20, \"path\": \"00010001000200020001\", \"depth\": 5, \"numchild\": 0, \"title\": \"Page1\", \"draft_title\": \"Page1\", \"slug\": \"page1\", \"content_type\": 29, \"live\": true, \"has_unpublished_changes\": false, \"url_path\": \"/home/index-blog/posts/page1/\", \"owner\": 1, \"seo_title\": \"\", \"show_in_menus\": false, \"search_description\": \"\", \"go_live_at\": null, \"expire_at\": null, \"expired\": false, \"locked\": false, \"first_published_at\": \"2019-06-10T15:07:35.291Z\", \"last_published_at\": \"2019-06-12T08:03:47.243Z\", \"latest_revision_created_at\": \"2019-06-12T08:03:46.977Z\", \"live_revision\": 83, \"date\": \"2019-06-12\", \"intro\": \"intro-page1\", \"body\": \"[{\\\"type\\\": \\\"image\\\", \\\"value\\\": 1, \\\"id\\\": \\\"001edb6e-f0a2-442f-b6ae-ba6741fa5421\\\"}, {\\\"type\\\": \\\"heading\\\", \\\"value\\\": \\\"Theme1\\\", \\\"id\\\": \\\"c88ae444-5083-402a-81f1-fb40e1bce38c\\\"}, {\\\"type\\\": \\\"paragraph\\\", \\\"value\\\": \\\"<p>Python is an interpreted, high-level, general-purpose programming language. Created by Guido van Rossum and first released in 1991, Python&#x27;s design philosophy emphasizes code readability with its notable use of significant whitespace. <a href=\\\\\\\"https://en.wikipedia.org/wiki/Python_(programming_language)\\\\\\\">Wikipedia</a></p>\\\", \\\"id\\\": \\\"da19a3e6-db6d-400c-9c21-05ff82b9ec73\\\"}]\", \"tagged_items\": [{\"pk\": null, \"tag\": 9, \"content_object\": 20}], \"gallery_images\": [{\"pk\": 2, \"sort_order\": 0, \"page\": 20, \"image\": 2, \"caption\": \"some image\"}]}", "approved_go_live_at": null}}, {"model": "wagtailcore.pagerevision", "pk": 106, "fields": {"page": 20, "submitted_for_moderation": false, "created_at": "2019-06-14T13:52:50.931Z", "user": 1, "content_json": "{\"pk\": 20, \"path\": \"00010001000200020001\", \"depth\": 5, \"numchild\": 0, \"title\": \"Page1\", \"draft_title\": \"Page1\", \"slug\": \"page1\", \"content_type\": 29, \"live\": true, \"has_unpublished_changes\": false, \"url_path\": \"/home/index-blog/posts/page1/\", \"owner\": 1, \"seo_title\": \"\", \"show_in_menus\": false, \"search_description\": \"\", \"go_live_at\": null, \"expire_at\": null, \"expired\": false, \"locked\": false, \"first_published_at\": \"2019-06-10T15:07:35.291Z\", \"last_published_at\": \"2019-06-12T08:09:46.759Z\", \"latest_revision_created_at\": \"2019-06-12T08:09:45.904Z\", \"live_revision\": 84, \"date\": \"2019-06-12\", \"intro\": \"intro-page1\", \"body\": \"[{\\\"type\\\": \\\"heading\\\", \\\"value\\\": \\\"Theme1\\\", \\\"id\\\": \\\"c88ae444-5083-402a-81f1-fb40e1bce38c\\\"}, {\\\"type\\\": \\\"paragraph\\\", \\\"value\\\": \\\"<p><b>Hermes</b> (<a href=\\\\\\\"https://en.wikipedia.org/wiki/Help:IPA/English\\\\\\\">/\\\\u02c8h\\\\u025c\\\\u02d0rmi\\\\u02d0z/</a>; <a href=\\\\\\\"https://en.wikipedia.org/wiki/Greek_language\\\\\\\">Greek</a>: \\\\u1f19\\\\u03c1\\\\u03bc\\\\u1fc6\\\\u03c2) is the god of trade, <a href=\\\\\\\"https://en.wikipedia.org/wiki/Heraldry\\\\\\\">heraldry</a>, merchants, commerce, roads, thieves, trickery, sports, travelers, and athletes in <a href=\\\\\\\"https://en.wikipedia.org/wiki/Religion_in_Ancient_Greece\\\\\\\">Ancient Greek religion</a> and <a href=\\\\\\\"https://en.wikipedia.org/wiki/Greek_mythology\\\\\\\">mythology</a>; the son of <a href=\\\\\\\"https://en.wikipedia.org/wiki/Zeus\\\\\\\">Zeus</a> and the <a href=\\\\\\\"https://en.wikipedia.org/wiki/Pleiades_(Greek_mythology)\\\\\\\">Pleiad</a> <a href=\\\\\\\"https://en.wikipedia.org/wiki/Maia_(mythology)\\\\\\\">Maia</a>, he was the second youngest of the <a href=\\\\\\\"https://en.wikipedia.org/wiki/Twelve_Olympians\\\\\\\">Olympian gods</a> (<a href=\\\\\\\"https://en.wikipedia.org/wiki/Dionysus\\\\\\\">Dionysus</a> being the youngest).</p><p>Hermes was the emissary and messenger of the gods.<a href=\\\\\\\"https://en.wikipedia.org/wiki/Hermes#cite_note-1\\\\\\\">[1]</a> Hermes was also &quot;the divine trickster&quot;<a href=\\\\\\\"https://en.wikipedia.org/wiki/Hermes#cite_note-2\\\\\\\">[2]</a> and &quot;the god of boundaries and the transgression of boundaries, ... the patron of herdsmen, thieves, graves, and heralds.&quot;<a href=\\\\\\\"https://en.wikipedia.org/wiki/Hermes#cite_note-3\\\\\\\">[3]</a> He is described as moving freely between the worlds of the mortal and divine, and was the <a href=\\\\\\\"https://en.wikipedia.org/wiki/Psychopomp\\\\\\\">conductor of souls</a> into the afterlife.<a href=\\\\\\\"https://en.wikipedia.org/wiki/Hermes#cite_note-4\\\\\\\">[4]</a> He was also viewed as the protector and patron of roads and travelers.<a href=\\\\\\\"https://en.wikipedia.org/wiki/Hermes#cite_note-5\\\\\\\">[5]</a></p><p>In some myths, he is a <a href=\\\\\\\"https://en.wikipedia.org/wiki/Trickster\\\\\\\">trickster</a> and outwits other gods for his own satisfaction or for the sake of humankind. His attributes and symbols include the <a href=\\\\\\\"https://en.wikipedia.org/wiki/Herma\\\\\\\">herma</a>, the <a href=\\\\\\\"https://en.wikipedia.org/wiki/Rooster\\\\\\\">rooster</a>, the <a href=\\\\\\\"https://en.wikipedia.org/wiki/Tortoise\\\\\\\">tortoise</a>, <a href=\\\\\\\"https://en.wikipedia.org/wiki/Wallet\\\\\\\">satchel</a> or pouch, <a href=\\\\\\\"https://en.wikipedia.org/wiki/Talaria\\\\\\\">winged sandals</a>, and <a href=\\\\\\\"https://en.wikipedia.org/wiki/Petasus\\\\\\\">winged cap</a>. His main symbol is the Greek <a href=\\\\\\\"https://en.wikipedia.org/wiki/Kerykeion\\\\\\\"><i>kerykeion</i></a> or Latin <a href=\\\\\\\"https://en.wikipedia.org/wiki/Caduceus\\\\\\\"><i>caduceus</i></a><i>,</i> which appears in a form of two snakes wrapped around a winged staff with carvings of the other gods.<a href=\\\\\\\"https://en.wikipedia.org/wiki/Hermes#cite_note-6\\\\\\\">[6]</a></p><p>In the Roman adaptation of the Greek pantheon (see <a href=\\\\\\\"https://en.wikipedia.org/wiki/Interpretatio_graeca\\\\\\\"><i>interpretatio romana</i></a>), Hermes is identified with the Roman god <a href=\\\\\\\"https://en.wikipedia.org/wiki/Mercury_(mythology)\\\\\\\">Mercury</a>,<a href=\\\\\\\"https://en.wikipedia.org/wiki/Hermes#cite_note-7\\\\\\\">[7]</a> who, though inherited from the <a href=\\\\\\\"https://en.wikipedia.org/wiki/Etruscans\\\\\\\">Etruscans</a>, developed many similar characteristics such as being the patron of commerce.</p>\\\", \\\"id\\\": \\\"da19a3e6-db6d-400c-9c21-05ff82b9ec73\\\"}]\", \"tagged_items\": [{\"pk\": null, \"tag\": 9, \"content_object\": 20}], \"gallery_images\": [{\"pk\": 2, \"sort_order\": 0, \"page\": 20, \"image\": 2, \"caption\": \"some image\"}]}", "approved_go_live_at": null}}, {"model": "wagtailcore.pagerevision", "pk": 107, "fields": {"page": 20, "submitted_for_moderation": false, "created_at": "2019-06-14T14:03:43.004Z", "user": 1, "content_json": "{\"pk\": 20, \"path\": \"00010001000200020001\", \"depth\": 5, \"numchild\": 0, \"title\": \"Page1\", \"draft_title\": \"Page1\", \"slug\": \"page1\", \"content_type\": 29, \"live\": true, \"has_unpublished_changes\": true, \"url_path\": \"/home/index-blog/posts/page1/\", \"owner\": 1, \"seo_title\": \"\", \"show_in_menus\": false, \"search_description\": \"\", \"go_live_at\": null, \"expire_at\": null, \"expired\": false, \"locked\": false, \"first_published_at\": \"2019-06-10T15:07:35.291Z\", \"last_published_at\": \"2019-06-12T08:09:46.759Z\", \"latest_revision_created_at\": \"2019-06-14T13:52:50.931Z\", \"live_revision\": 84, \"date\": \"2019-06-12\", \"intro\": \"intro-page1\", \"body\": \"[{\\\"type\\\": \\\"heading\\\", \\\"value\\\": \\\"Theme1\\\", \\\"id\\\": \\\"c88ae444-5083-402a-81f1-fb40e1bce38c\\\"}, {\\\"type\\\": \\\"paragraph\\\", \\\"value\\\": \\\"<p><b>Hermes</b> (<a href=\\\\\\\"https://en.wikipedia.org/wiki/Help:IPA/English\\\\\\\">/\\\\u02c8h\\\\u025c\\\\u02d0rmi\\\\u02d0z/</a>; <a href=\\\\\\\"https://en.wikipedia.org/wiki/Greek_language\\\\\\\">Greek</a>: \\\\u1f19\\\\u03c1\\\\u03bc\\\\u1fc6\\\\u03c2) is the god of trade, <a href=\\\\\\\"https://en.wikipedia.org/wiki/Heraldry\\\\\\\">heraldry</a>, merchants, commerce, roads, thieves, trickery, sports, travelers, and athletes in <a href=\\\\\\\"https://en.wikipedia.org/wiki/Religion_in_Ancient_Greece\\\\\\\">Ancient Greek religion</a> and <a href=\\\\\\\"https://en.wikipedia.org/wiki/Greek_mythology\\\\\\\">mythology</a>; the son of <a href=\\\\\\\"https://en.wikipedia.org/wiki/Zeus\\\\\\\">Zeus</a> and the <a href=\\\\\\\"https://en.wikipedia.org/wiki/Pleiades_(Greek_mythology)\\\\\\\">Pleiad</a> <a href=\\\\\\\"https://en.wikipedia.org/wiki/Maia_(mythology)\\\\\\\">Maia</a>, he was the second youngest of the <a href=\\\\\\\"https://en.wikipedia.org/wiki/Twelve_Olympians\\\\\\\">Olympian gods</a> (<a href=\\\\\\\"https://en.wikipedia.org/wiki/Dionysus\\\\\\\">Dionysus</a> being the youngest).</p><p>Hermes was the emissary and messenger of the gods.<a href=\\\\\\\"https://en.wikipedia.org/wiki/Hermes#cite_note-1\\\\\\\">[1]</a> Hermes was also &quot;the divine trickster&quot;<a href=\\\\\\\"https://en.wikipedia.org/wiki/Hermes#cite_note-2\\\\\\\">[2]</a> and &quot;the god of boundaries and the transgression of boundaries, ... the patron of herdsmen, thieves, graves, and heralds.&quot;<a href=\\\\\\\"https://en.wikipedia.org/wiki/Hermes#cite_note-3\\\\\\\">[3]</a> He is described as moving freely between the worlds of the mortal and divine, and was the <a href=\\\\\\\"https://en.wikipedia.org/wiki/Psychopomp\\\\\\\">conductor of souls</a> into the afterlife.<a href=\\\\\\\"https://en.wikipedia.org/wiki/Hermes#cite_note-4\\\\\\\">[4]</a> He was also viewed as the protector and patron of roads and travelers.<a href=\\\\\\\"https://en.wikipedia.org/wiki/Hermes#cite_note-5\\\\\\\">[5]</a></p><p>In some myths, he is a <a href=\\\\\\\"https://en.wikipedia.org/wiki/Trickster\\\\\\\">trickster</a> and outwits other gods for his own satisfaction or for the sake of humankind. His attributes and symbols include the <a href=\\\\\\\"https://en.wikipedia.org/wiki/Herma\\\\\\\">herma</a>, the <a href=\\\\\\\"https://en.wikipedia.org/wiki/Rooster\\\\\\\">rooster</a>, the <a href=\\\\\\\"https://en.wikipedia.org/wiki/Tortoise\\\\\\\">tortoise</a>, <a href=\\\\\\\"https://en.wikipedia.org/wiki/Wallet\\\\\\\">satchel</a> or pouch, <a href=\\\\\\\"https://en.wikipedia.org/wiki/Talaria\\\\\\\">winged sandals</a>, and <a href=\\\\\\\"https://en.wikipedia.org/wiki/Petasus\\\\\\\">winged cap</a>. His main symbol is the Greek <a href=\\\\\\\"https://en.wikipedia.org/wiki/Kerykeion\\\\\\\"><i>kerykeion</i></a> or Latin <a href=\\\\\\\"https://en.wikipedia.org/wiki/Caduceus\\\\\\\"><i>caduceus</i></a><i>,</i> which appears in a form of two snakes wrapped around a winged staff with carvings of the other gods.<a href=\\\\\\\"https://en.wikipedia.org/wiki/Hermes#cite_note-6\\\\\\\">[6]</a></p><p>In the Roman adaptation of the Greek pantheon (see <a href=\\\\\\\"https://en.wikipedia.org/wiki/Interpretatio_graeca\\\\\\\"><i>interpretatio romana</i></a>), Hermes is identified with the Roman god <a href=\\\\\\\"https://en.wikipedia.org/wiki/Mercury_(mythology)\\\\\\\">Mercury</a>,<a href=\\\\\\\"https://en.wikipedia.org/wiki/Hermes#cite_note-7\\\\\\\">[7]</a> who, though inherited from the <a href=\\\\\\\"https://en.wikipedia.org/wiki/Etruscans\\\\\\\">Etruscans</a>, developed many similar characteristics such as being the patron of commerce.</p>\\\", \\\"id\\\": \\\"da19a3e6-db6d-400c-9c21-05ff82b9ec73\\\"}, {\\\"type\\\": \\\"image_left\\\", \\\"value\\\": {\\\"image\\\": 1, \\\"caption\\\": \\\"bits\\\"}, \\\"id\\\": \\\"080b9b0f-c4b3-4c18-9c3f-7f03f97eef38\\\"}, {\\\"type\\\": \\\"paragraph\\\", \\\"value\\\": \\\"<p>In some myths, he is a <a href=\\\\\\\"https://en.wikipedia.org/wiki/Trickster\\\\\\\">trickster</a> and outwits other gods for his own satisfaction or for the sake of humankind. His attributes and symbols include the <a href=\\\\\\\"https://en.wikipedia.org/wiki/Herma\\\\\\\">herma</a>, the <a href=\\\\\\\"https://en.wikipedia.org/wiki/Rooster\\\\\\\">rooster</a>, the <a href=\\\\\\\"https://en.wikipedia.org/wiki/Tortoise\\\\\\\">tortoise</a>, <a href=\\\\\\\"https://en.wikipedia.org/wiki/Wallet\\\\\\\">satchel</a> or pouch, <a href=\\\\\\\"https://en.wikipedia.org/wiki/Talaria\\\\\\\">winged sandals</a>, and <a href=\\\\\\\"https://en.wikipedia.org/wiki/Petasus\\\\\\\">winged cap</a>. His main symbol is the Greek <a href=\\\\\\\"https://en.wikipedia.org/wiki/Kerykeion\\\\\\\"><i>kerykeion</i></a> or Latin <a href=\\\\\\\"https://en.wikipedia.org/wiki/Caduceus\\\\\\\"><i>caduceus</i></a><i>,</i> which appears in a form of two snakes wrapped around a winged staff with carvings of the other gods.<a href=\\\\\\\"https://en.wikipedia.org/wiki/Hermes#cite_note-6\\\\\\\">[6]</a></p><p>In the Roman adaptation of the Greek pantheon (see <a href=\\\\\\\"https://en.wikipedia.org/wiki/Interpretatio_graeca\\\\\\\"><i>interpretatio romana</i></a>), Hermes is identified with the Roman god <a href=\\\\\\\"https://en.wikipedia.org/wiki/Mercury_(mythology)\\\\\\\">Mercury</a>,<a href=\\\\\\\"https://en.wikipedia.org/wiki/Hermes#cite_note-7\\\\\\\">[7]</a> who, though inherited from the <a href=\\\\\\\"https://en.wikipedia.org/wiki/Etruscans\\\\\\\">Etruscans</a>, developed many similar characteristics such as being the patron of commerce.</p>\\\", \\\"id\\\": \\\"a1260593-70af-42c5-b719-8d42492423b0\\\"}]\", \"tagged_items\": [{\"pk\": null, \"tag\": 9, \"content_object\": 20}], \"gallery_images\": [{\"pk\": 2, \"sort_order\": 0, \"page\": null, \"image\": 2, \"caption\": \"some image\"}]}", "approved_go_live_at": null}}, {"model": "wagtailcore.pagerevision", "pk": 108, "fields": {"page": 20, "submitted_for_moderation": false, "created_at": "2019-06-14T14:17:37.504Z", "user": 1, "content_json": "{\"pk\": 20, \"path\": \"00010001000200020001\", \"depth\": 5, \"numchild\": 0, \"title\": \"Page1\", \"draft_title\": \"Page1\", \"slug\": \"page1\", \"content_type\": 29, \"live\": true, \"has_unpublished_changes\": false, \"url_path\": \"/home/index-blog/posts/page1/\", \"owner\": 1, \"seo_title\": \"\", \"show_in_menus\": false, \"search_description\": \"\", \"go_live_at\": null, \"expire_at\": null, \"expired\": false, \"locked\": false, \"first_published_at\": \"2019-06-10T15:07:35.291Z\", \"last_published_at\": \"2019-06-14T14:03:43.255Z\", \"latest_revision_created_at\": \"2019-06-14T14:03:43.004Z\", \"live_revision\": 107, \"date\": \"2019-06-12\", \"intro\": \"intro-page1\", \"body\": \"[{\\\"type\\\": \\\"heading\\\", \\\"value\\\": \\\"Theme1\\\", \\\"id\\\": \\\"c88ae444-5083-402a-81f1-fb40e1bce38c\\\"}, {\\\"type\\\": \\\"paragraph\\\", \\\"value\\\": \\\"<p><b>Hermes</b> (<a href=\\\\\\\"https://en.wikipedia.org/wiki/Help:IPA/English\\\\\\\">/\\\\u02c8h\\\\u025c\\\\u02d0rmi\\\\u02d0z/</a>; <a href=\\\\\\\"https://en.wikipedia.org/wiki/Greek_language\\\\\\\">Greek</a>: \\\\u1f19\\\\u03c1\\\\u03bc\\\\u1fc6\\\\u03c2) is the god of trade, <a href=\\\\\\\"https://en.wikipedia.org/wiki/Heraldry\\\\\\\">heraldry</a>, merchants, commerce, roads, thieves, trickery, sports, travelers, and athletes in <a href=\\\\\\\"https://en.wikipedia.org/wiki/Religion_in_Ancient_Greece\\\\\\\">Ancient Greek religion</a> and <a href=\\\\\\\"https://en.wikipedia.org/wiki/Greek_mythology\\\\\\\">mythology</a>; the son of <a href=\\\\\\\"https://en.wikipedia.org/wiki/Zeus\\\\\\\">Zeus</a> and the <a href=\\\\\\\"https://en.wikipedia.org/wiki/Pleiades_(Greek_mythology)\\\\\\\">Pleiad</a> <a href=\\\\\\\"https://en.wikipedia.org/wiki/Maia_(mythology)\\\\\\\">Maia</a>, he was the second youngest of the <a href=\\\\\\\"https://en.wikipedia.org/wiki/Twelve_Olympians\\\\\\\">Olympian gods</a> (<a href=\\\\\\\"https://en.wikipedia.org/wiki/Dionysus\\\\\\\">Dionysus</a> being the youngest).</p><p>Hermes was the emissary and messenger of the gods.<a href=\\\\\\\"https://en.wikipedia.org/wiki/Hermes#cite_note-1\\\\\\\">[1]</a> Hermes was also &quot;the divine trickster&quot;<a href=\\\\\\\"https://en.wikipedia.org/wiki/Hermes#cite_note-2\\\\\\\">[2]</a> and &quot;the god of boundaries and the transgression of boundaries, ... the patron of herdsmen, thieves, graves, and heralds.&quot;<a href=\\\\\\\"https://en.wikipedia.org/wiki/Hermes#cite_note-3\\\\\\\">[3]</a> He is described as moving freely between the worlds of the mortal and divine, and was the <a href=\\\\\\\"https://en.wikipedia.org/wiki/Psychopomp\\\\\\\">conductor of souls</a> into the afterlife.<a href=\\\\\\\"https://en.wikipedia.org/wiki/Hermes#cite_note-4\\\\\\\">[4]</a> He was also viewed as the protector and patron of roads and travelers.<a href=\\\\\\\"https://en.wikipedia.org/wiki/Hermes#cite_note-5\\\\\\\">[5]</a></p><p>In some myths, he is a <a href=\\\\\\\"https://en.wikipedia.org/wiki/Trickster\\\\\\\">trickster</a> and outwits other gods for his own satisfaction or for the sake of humankind. His attributes and symbols include the <a href=\\\\\\\"https://en.wikipedia.org/wiki/Herma\\\\\\\">herma</a>, the <a href=\\\\\\\"https://en.wikipedia.org/wiki/Rooster\\\\\\\">rooster</a>, the <a href=\\\\\\\"https://en.wikipedia.org/wiki/Tortoise\\\\\\\">tortoise</a>, <a href=\\\\\\\"https://en.wikipedia.org/wiki/Wallet\\\\\\\">satchel</a> or pouch, <a href=\\\\\\\"https://en.wikipedia.org/wiki/Talaria\\\\\\\">winged sandals</a>, and <a href=\\\\\\\"https://en.wikipedia.org/wiki/Petasus\\\\\\\">winged cap</a>. His main symbol is the Greek <a href=\\\\\\\"https://en.wikipedia.org/wiki/Kerykeion\\\\\\\"><i>kerykeion</i></a> or Latin <a href=\\\\\\\"https://en.wikipedia.org/wiki/Caduceus\\\\\\\"><i>caduceus</i></a><i>,</i> which appears in a form of two snakes wrapped around a winged staff with carvings of the other gods.<a href=\\\\\\\"https://en.wikipedia.org/wiki/Hermes#cite_note-6\\\\\\\">[6]</a></p><p>In the Roman adaptation of the Greek pantheon (see <a href=\\\\\\\"https://en.wikipedia.org/wiki/Interpretatio_graeca\\\\\\\"><i>interpretatio romana</i></a>), Hermes is identified with the Roman god <a href=\\\\\\\"https://en.wikipedia.org/wiki/Mercury_(mythology)\\\\\\\">Mercury</a>,<a href=\\\\\\\"https://en.wikipedia.org/wiki/Hermes#cite_note-7\\\\\\\">[7]</a> who, though inherited from the <a href=\\\\\\\"https://en.wikipedia.org/wiki/Etruscans\\\\\\\">Etruscans</a>, developed many similar characteristics such as being the patron of commerce.</p>\\\", \\\"id\\\": \\\"da19a3e6-db6d-400c-9c21-05ff82b9ec73\\\"}, {\\\"type\\\": \\\"image_left\\\", \\\"value\\\": {\\\"image\\\": 1, \\\"caption\\\": \\\"bits\\\"}, \\\"id\\\": \\\"080b9b0f-c4b3-4c18-9c3f-7f03f97eef38\\\"}, {\\\"type\\\": \\\"paragraph\\\", \\\"value\\\": \\\"<p>In some myths, he is a <a href=\\\\\\\"https://en.wikipedia.org/wiki/Trickster\\\\\\\">trickster</a> and outwits other gods for his own satisfaction or for the sake of humankind. His attributes and symbols include the <a href=\\\\\\\"https://en.wikipedia.org/wiki/Herma\\\\\\\">herma</a>, the <a href=\\\\\\\"https://en.wikipedia.org/wiki/Rooster\\\\\\\">rooster</a>, the <a href=\\\\\\\"https://en.wikipedia.org/wiki/Tortoise\\\\\\\">tortoise</a>, <a href=\\\\\\\"https://en.wikipedia.org/wiki/Wallet\\\\\\\">satchel</a> or pouch, <a href=\\\\\\\"https://en.wikipedia.org/wiki/Talaria\\\\\\\">winged sandals</a>, and <a href=\\\\\\\"https://en.wikipedia.org/wiki/Petasus\\\\\\\">winged cap</a>. His main symbol is the Greek <a href=\\\\\\\"https://en.wikipedia.org/wiki/Kerykeion\\\\\\\"><i>kerykeion</i></a> or Latin <a href=\\\\\\\"https://en.wikipedia.org/wiki/Caduceus\\\\\\\"><i>caduceus</i></a><i>,</i> which appears in a form of two snakes wrapped around a winged staff with carvings of the other gods.<a href=\\\\\\\"https://en.wikipedia.org/wiki/Hermes#cite_note-6\\\\\\\">[6]</a></p><p>In the Roman adaptation of the Greek pantheon (see <a href=\\\\\\\"https://en.wikipedia.org/wiki/Interpretatio_graeca\\\\\\\"><i>interpretatio romana</i></a>), Hermes is identified with the Roman god <a href=\\\\\\\"https://en.wikipedia.org/wiki/Mercury_(mythology)\\\\\\\">Mercury</a>,<a href=\\\\\\\"https://en.wikipedia.org/wiki/Hermes#cite_note-7\\\\\\\">[7]</a> who, though inherited from the <a href=\\\\\\\"https://en.wikipedia.org/wiki/Etruscans\\\\\\\">Etruscans</a>, developed many similar characteristics such as being the patron of commerce.</p>\\\", \\\"id\\\": \\\"a1260593-70af-42c5-b719-8d42492423b0\\\"}, {\\\"type\\\": \\\"image_center\\\", \\\"value\\\": {\\\"image\\\": 5, \\\"caption\\\": \\\"more bits\\\"}, \\\"id\\\": \\\"387bad84-f1ac-41fd-b7f3-2dd064c58441\\\"}]\", \"tagged_items\": [{\"pk\": null, \"tag\": 9, \"content_object\": 20}], \"gallery_images\": [{\"pk\": 2, \"sort_order\": 0, \"page\": 20, \"image\": 2, \"caption\": \"some image\"}]}", "approved_go_live_at": null}}, {"model": "wagtailcore.pagerevision", "pk": 109, "fields": {"page": 33, "submitted_for_moderation": false, "created_at": "2019-06-16T11:23:04.971Z", "user": 1, "content_json": "{\"pk\": 33, \"path\": \"0001000100020002000B\", \"depth\": 5, \"numchild\": 0, \"title\": \"Post11\", \"draft_title\": \"Post11\", \"slug\": \"post11\", \"content_type\": 29, \"live\": true, \"has_unpublished_changes\": false, \"url_path\": \"/home/index-blog/posts/post11/\", \"owner\": 1, \"seo_title\": \"\", \"show_in_menus\": false, \"search_description\": \"\", \"go_live_at\": null, \"expire_at\": null, \"expired\": false, \"locked\": false, \"first_published_at\": \"2019-06-11T11:09:45.087Z\", \"last_published_at\": \"2019-06-11T15:35:16.362Z\", \"latest_revision_created_at\": \"2019-06-11T15:35:16.172Z\", \"live_revision\": null, \"date\": \"2019-06-11\", \"intro\": \"intro-post11\", \"body\": \"[{\\\"type\\\": \\\"paragraph\\\", \\\"value\\\": \\\"<p>This is a video:</p>\\\", \\\"id\\\": \\\"6ba2cf4c-3752-40b5-b2c3-4ee200193f51\\\"}, {\\\"type\\\": \\\"video\\\", \\\"value\\\": \\\"https://youtu.be/vD_Q0EF6s2k\\\", \\\"id\\\": \\\"0c748406-ee4a-4718-abae-e242154dc484\\\"}]\", \"tagged_items\": [], \"gallery_images\": [{\"pk\": 1, \"sort_order\": 0, \"page\": 33, \"image\": 1, \"caption\": \"\"}]}", "approved_go_live_at": null}}, {"model": "wagtailcore.pagerevision", "pk": 110, "fields": {"page": 33, "submitted_for_moderation": false, "created_at": "2019-06-16T11:27:20.017Z", "user": 1, "content_json": "{\"pk\": 33, \"path\": \"0001000100020002000B\", \"depth\": 5, \"numchild\": 0, \"title\": \"Post11\", \"draft_title\": \"Post11\", \"slug\": \"post11\", \"content_type\": 29, \"live\": true, \"has_unpublished_changes\": false, \"url_path\": \"/home/index-blog/posts/post11/\", \"owner\": 1, \"seo_title\": \"\", \"show_in_menus\": false, \"search_description\": \"\", \"go_live_at\": null, \"expire_at\": null, \"expired\": false, \"locked\": false, \"first_published_at\": \"2019-06-11T11:09:45.087Z\", \"last_published_at\": \"2019-06-16T11:23:05.221Z\", \"latest_revision_created_at\": \"2019-06-16T11:23:04.971Z\", \"live_revision\": 109, \"date\": \"2019-06-11\", \"intro\": \"intro-post11\", \"body\": \"[{\\\"type\\\": \\\"paragraph\\\", \\\"value\\\": \\\"<p>This is a video:</p>\\\", \\\"id\\\": \\\"6ba2cf4c-3752-40b5-b2c3-4ee200193f51\\\"}, {\\\"type\\\": \\\"video\\\", \\\"value\\\": \\\"https://youtu.be/vD_Q0EF6s2k\\\", \\\"id\\\": \\\"0c748406-ee4a-4718-abae-e242154dc484\\\"}, {\\\"type\\\": \\\"htmljs\\\", \\\"value\\\": \\\"<iframe width=\\\\\\\"560\\\\\\\" height=\\\\\\\"315\\\\\\\" src=\\\\\\\"https://www.youtube.com/embed/vD_Q0EF6s2k\\\\\\\" frameborder=\\\\\\\"0\\\\\\\" allow=\\\\\\\"accelerometer; autoplay; encrypted-media; gyroscope; picture-in-picture\\\\\\\" allowfullscreen></iframe>\\\", \\\"id\\\": \\\"3cebe74e-be0b-458c-aa76-94dde205a593\\\"}]\", \"tagged_items\": [], \"gallery_images\": [{\"pk\": 1, \"sort_order\": 0, \"page\": 33, \"image\": 1, \"caption\": \"\"}]}", "approved_go_live_at": null}}, {"model": "wagtailcore.pagerevision", "pk": 111, "fields": {"page": 33, "submitted_for_moderation": false, "created_at": "2019-06-16T11:53:57.762Z", "user": 1, "content_json": "{\"pk\": 33, \"path\": \"0001000100020002000B\", \"depth\": 5, \"numchild\": 0, \"title\": \"Post11\", \"draft_title\": \"Post11\", \"slug\": \"post11\", \"content_type\": 29, \"live\": true, \"has_unpublished_changes\": false, \"url_path\": \"/home/index-blog/posts/post11/\", \"owner\": 1, \"seo_title\": \"\", \"show_in_menus\": false, \"search_description\": \"\", \"go_live_at\": null, \"expire_at\": null, \"expired\": false, \"locked\": false, \"first_published_at\": \"2019-06-11T11:09:45.087Z\", \"last_published_at\": \"2019-06-16T11:27:21.419Z\", \"latest_revision_created_at\": \"2019-06-16T11:27:20.017Z\", \"live_revision\": 110, \"date\": \"2019-06-11\", \"intro\": \"intro-post11\", \"body\": \"[{\\\"type\\\": \\\"paragraph\\\", \\\"value\\\": \\\"<p>This is a video:</p>\\\", \\\"id\\\": \\\"6ba2cf4c-3752-40b5-b2c3-4ee200193f51\\\"}, {\\\"type\\\": \\\"paragraph\\\", \\\"value\\\": \\\"<p>text</p>\\\", \\\"id\\\": \\\"6bc0c567-7dea-4d42-b252-1b3ec78ad2ac\\\"}, {\\\"type\\\": \\\"htmljs\\\", \\\"value\\\": \\\"<iframe width=\\\\\\\"560\\\\\\\" height=\\\\\\\"315\\\\\\\" src=\\\\\\\"https://www.youtube.com/embed/vD_Q0EF6s2k\\\\\\\" frameborder=\\\\\\\"0\\\\\\\" allow=\\\\\\\"accelerometer; autoplay; encrypted-media; gyroscope; picture-in-picture\\\\\\\" allowfullscreen></iframe>\\\", \\\"id\\\": \\\"3cebe74e-be0b-458c-aa76-94dde205a593\\\"}, {\\\"type\\\": \\\"paragraph\\\", \\\"value\\\": \\\"<p>text2</p>\\\", \\\"id\\\": \\\"452ba947-5576-47dd-9720-ee3ab6cda3f0\\\"}]\", \"tagged_items\": [], \"gallery_images\": [{\"pk\": 1, \"sort_order\": 0, \"page\": 33, \"image\": 1, \"caption\": \"\"}]}", "approved_go_live_at": null}}, {"model": "wagtailcore.pagerevision", "pk": 112, "fields": {"page": 20, "submitted_for_moderation": false, "created_at": "2019-06-16T12:55:49.359Z", "user": 1, "content_json": "{\"pk\": 20, \"path\": \"00010001000200020001\", \"depth\": 5, \"numchild\": 0, \"title\": \"Page1\", \"draft_title\": \"Page1\", \"slug\": \"page1\", \"content_type\": 29, \"live\": true, \"has_unpublished_changes\": false, \"url_path\": \"/home/index-blog/posts/page1/\", \"owner\": 1, \"seo_title\": \"\", \"show_in_menus\": false, \"search_description\": \"\", \"go_live_at\": null, \"expire_at\": null, \"expired\": false, \"locked\": false, \"first_published_at\": \"2019-06-10T15:07:35.291Z\", \"last_published_at\": \"2019-06-14T14:17:37.766Z\", \"latest_revision_created_at\": \"2019-06-14T14:17:37.504Z\", \"live_revision\": 108, \"date\": \"2019-06-12\", \"intro\": \"intro-page1\", \"body\": \"[{\\\"type\\\": \\\"heading\\\", \\\"value\\\": \\\"Theme1\\\", \\\"id\\\": \\\"c88ae444-5083-402a-81f1-fb40e1bce38c\\\"}, {\\\"type\\\": \\\"paragraph\\\", \\\"value\\\": \\\"<p><b>Hermes</b> (<a href=\\\\\\\"https://en.wikipedia.org/wiki/Help:IPA/English\\\\\\\">/\\\\u02c8h\\\\u025c\\\\u02d0rmi\\\\u02d0z/</a>; <a href=\\\\\\\"https://en.wikipedia.org/wiki/Greek_language\\\\\\\">Greek</a>: \\\\u1f19\\\\u03c1\\\\u03bc\\\\u1fc6\\\\u03c2) is the god of trade, <a href=\\\\\\\"https://en.wikipedia.org/wiki/Heraldry\\\\\\\">heraldry</a>, merchants, commerce, roads, thieves, trickery, sports, travelers, and athletes in <a href=\\\\\\\"https://en.wikipedia.org/wiki/Religion_in_Ancient_Greece\\\\\\\">Ancient Greek religion</a> and <a href=\\\\\\\"https://en.wikipedia.org/wiki/Greek_mythology\\\\\\\">mythology</a>; the son of <a href=\\\\\\\"https://en.wikipedia.org/wiki/Zeus\\\\\\\">Zeus</a> and the <a href=\\\\\\\"https://en.wikipedia.org/wiki/Pleiades_(Greek_mythology)\\\\\\\">Pleiad</a> <a href=\\\\\\\"https://en.wikipedia.org/wiki/Maia_(mythology)\\\\\\\">Maia</a>, he was the second youngest of the <a href=\\\\\\\"https://en.wikipedia.org/wiki/Twelve_Olympians\\\\\\\">Olympian gods</a> (<a href=\\\\\\\"https://en.wikipedia.org/wiki/Dionysus\\\\\\\">Dionysus</a> being the youngest).</p><p>Hermes was the emissary and messenger of the gods.<a href=\\\\\\\"https://en.wikipedia.org/wiki/Hermes#cite_note-1\\\\\\\">[1]</a> Hermes was also &quot;the divine trickster&quot;<a href=\\\\\\\"https://en.wikipedia.org/wiki/Hermes#cite_note-2\\\\\\\">[2]</a> and &quot;the god of boundaries and the transgression of boundaries, ... the patron of herdsmen, thieves, graves, and heralds.&quot;<a href=\\\\\\\"https://en.wikipedia.org/wiki/Hermes#cite_note-3\\\\\\\">[3]</a> He is described as moving freely between the worlds of the mortal and divine, and was the <a href=\\\\\\\"https://en.wikipedia.org/wiki/Psychopomp\\\\\\\">conductor of souls</a> into the afterlife.<a href=\\\\\\\"https://en.wikipedia.org/wiki/Hermes#cite_note-4\\\\\\\">[4]</a> He was also viewed as the protector and patron of roads and travelers.<a href=\\\\\\\"https://en.wikipedia.org/wiki/Hermes#cite_note-5\\\\\\\">[5]</a></p><p>In some myths, he is a <a href=\\\\\\\"https://en.wikipedia.org/wiki/Trickster\\\\\\\">trickster</a> and outwits other gods for his own satisfaction or for the sake of humankind. His attributes and symbols include the <a href=\\\\\\\"https://en.wikipedia.org/wiki/Herma\\\\\\\">herma</a>, the <a href=\\\\\\\"https://en.wikipedia.org/wiki/Rooster\\\\\\\">rooster</a>, the <a href=\\\\\\\"https://en.wikipedia.org/wiki/Tortoise\\\\\\\">tortoise</a>, <a href=\\\\\\\"https://en.wikipedia.org/wiki/Wallet\\\\\\\">satchel</a> or pouch, <a href=\\\\\\\"https://en.wikipedia.org/wiki/Talaria\\\\\\\">winged sandals</a>, and <a href=\\\\\\\"https://en.wikipedia.org/wiki/Petasus\\\\\\\">winged cap</a>. His main symbol is the Greek <a href=\\\\\\\"https://en.wikipedia.org/wiki/Kerykeion\\\\\\\"><i>kerykeion</i></a> or Latin <a href=\\\\\\\"https://en.wikipedia.org/wiki/Caduceus\\\\\\\"><i>caduceus</i></a><i>,</i> which appears in a form of two snakes wrapped around a winged staff with carvings of the other gods.<a href=\\\\\\\"https://en.wikipedia.org/wiki/Hermes#cite_note-6\\\\\\\">[6]</a></p><p>In the Roman adaptation of the Greek pantheon (see <a href=\\\\\\\"https://en.wikipedia.org/wiki/Interpretatio_graeca\\\\\\\"><i>interpretatio romana</i></a>), Hermes is identified with the Roman god <a href=\\\\\\\"https://en.wikipedia.org/wiki/Mercury_(mythology)\\\\\\\">Mercury</a>,<a href=\\\\\\\"https://en.wikipedia.org/wiki/Hermes#cite_note-7\\\\\\\">[7]</a> who, though inherited from the <a href=\\\\\\\"https://en.wikipedia.org/wiki/Etruscans\\\\\\\">Etruscans</a>, developed many similar characteristics such as being the patron of commerce.</p>\\\", \\\"id\\\": \\\"da19a3e6-db6d-400c-9c21-05ff82b9ec73\\\"}, {\\\"type\\\": \\\"image_left\\\", \\\"value\\\": {\\\"image\\\": 1, \\\"caption\\\": \\\"bits\\\"}, \\\"id\\\": \\\"080b9b0f-c4b3-4c18-9c3f-7f03f97eef38\\\"}, {\\\"type\\\": \\\"paragraph\\\", \\\"value\\\": \\\"<p>In some myths, he is a <a href=\\\\\\\"https://en.wikipedia.org/wiki/Trickster\\\\\\\">trickster</a> and outwits other gods for his own satisfaction or for the sake of humankind. His attributes and symbols include the <a href=\\\\\\\"https://en.wikipedia.org/wiki/Herma\\\\\\\">herma</a>, the <a href=\\\\\\\"https://en.wikipedia.org/wiki/Rooster\\\\\\\">rooster</a>, the <a href=\\\\\\\"https://en.wikipedia.org/wiki/Tortoise\\\\\\\">tortoise</a>, <a href=\\\\\\\"https://en.wikipedia.org/wiki/Wallet\\\\\\\">satchel</a> or pouch, <a href=\\\\\\\"https://en.wikipedia.org/wiki/Talaria\\\\\\\">winged sandals</a>, and <a href=\\\\\\\"https://en.wikipedia.org/wiki/Petasus\\\\\\\">winged cap</a>. His main symbol is the Greek <a href=\\\\\\\"https://en.wikipedia.org/wiki/Kerykeion\\\\\\\"><i>kerykeion</i></a> or Latin <a href=\\\\\\\"https://en.wikipedia.org/wiki/Caduceus\\\\\\\"><i>caduceus</i></a><i>,</i> which appears in a form of two snakes wrapped around a winged staff with carvings of the other gods.<a href=\\\\\\\"https://en.wikipedia.org/wiki/Hermes#cite_note-6\\\\\\\">[6]</a></p><p>In the Roman adaptation of the Greek pantheon (see <a href=\\\\\\\"https://en.wikipedia.org/wiki/Interpretatio_graeca\\\\\\\"><i>interpretatio romana</i></a>), Hermes is identified with the Roman god <a href=\\\\\\\"https://en.wikipedia.org/wiki/Mercury_(mythology)\\\\\\\">Mercury</a>,<a href=\\\\\\\"https://en.wikipedia.org/wiki/Hermes#cite_note-7\\\\\\\">[7]</a> who, though inherited from the <a href=\\\\\\\"https://en.wikipedia.org/wiki/Etruscans\\\\\\\">Etruscans</a>, developed many similar characteristics such as being the patron of commerce.</p>\\\", \\\"id\\\": \\\"a1260593-70af-42c5-b719-8d42492423b0\\\"}, {\\\"type\\\": \\\"image_center\\\", \\\"value\\\": {\\\"image\\\": 5, \\\"caption\\\": \\\"more bits\\\"}, \\\"id\\\": \\\"387bad84-f1ac-41fd-b7f3-2dd064c58441\\\"}]\", \"tagged_items\": [{\"pk\": null, \"tag\": 9, \"content_object\": 20}], \"gallery_images\": [{\"pk\": 2, \"sort_order\": 0, \"page\": 20, \"image\": 2, \"caption\": \"some image\"}]}", "approved_go_live_at": null}}, {"model": "wagtailcore.pagerevision", "pk": 113, "fields": {"page": 33, "submitted_for_moderation": false, "created_at": "2019-06-16T15:04:25.916Z", "user": 1, "content_json": "{\"pk\": 33, \"path\": \"0001000100020002000B\", \"depth\": 5, \"numchild\": 0, \"title\": \"Post11\", \"draft_title\": \"Post11\", \"slug\": \"post11\", \"content_type\": 29, \"live\": true, \"has_unpublished_changes\": true, \"url_path\": \"/home/index-blog/posts/post11/\", \"owner\": 1, \"seo_title\": \"\", \"show_in_menus\": false, \"search_description\": \"\", \"go_live_at\": null, \"expire_at\": null, \"expired\": false, \"locked\": false, \"first_published_at\": \"2019-06-11T11:09:45.087Z\", \"last_published_at\": \"2019-06-16T11:27:21.419Z\", \"latest_revision_created_at\": \"2019-06-16T11:53:57.762Z\", \"live_revision\": 110, \"date\": \"2019-06-11\", \"intro\": \"intro-post11\", \"body\": \"[{\\\"type\\\": \\\"paragraph\\\", \\\"value\\\": \\\"<p>This is a video:</p>\\\", \\\"id\\\": \\\"6ba2cf4c-3752-40b5-b2c3-4ee200193f51\\\"}, {\\\"type\\\": \\\"paragraph\\\", \\\"value\\\": \\\"<p>text</p>\\\", \\\"id\\\": \\\"6bc0c567-7dea-4d42-b252-1b3ec78ad2ac\\\"}, {\\\"type\\\": \\\"htmljs\\\", \\\"value\\\": \\\"<iframe width=\\\\\\\"560\\\\\\\" height=\\\\\\\"315\\\\\\\" src=\\\\\\\"https://www.youtube.com/embed/vD_Q0EF6s2k\\\\\\\" frameborder=\\\\\\\"0\\\\\\\" allow=\\\\\\\"accelerometer; autoplay; encrypted-media; gyroscope; picture-in-picture\\\\\\\" allowfullscreen></iframe>\\\", \\\"id\\\": \\\"3cebe74e-be0b-458c-aa76-94dde205a593\\\"}, {\\\"type\\\": \\\"paragraph\\\", \\\"value\\\": \\\"<p>text2</p>\\\", \\\"id\\\": \\\"452ba947-5576-47dd-9720-ee3ab6cda3f0\\\"}]\", \"tagged_items\": [{\"pk\": null, \"tag\": 13, \"content_object\": 33}], \"gallery_images\": [{\"pk\": 1, \"sort_order\": 0, \"page\": null, \"image\": 1, \"caption\": \"\"}]}", "approved_go_live_at": null}}, {"model": "wagtailcore.page", "pk": 1, "fields": {"path": "0001", "depth": 1, "numchild": 1, "title": "Root", "draft_title": "Root", "slug": "root", "content_type": 1, "live": true, "has_unpublished_changes": false, "url_path": "/", "owner": null, "seo_title": "", "show_in_menus": false, "search_description": "", "go_live_at": null, "expire_at": null, "expired": false, "locked": false, "first_published_at": null, "last_published_at": null, "latest_revision_created_at": null, "live_revision": null}}, {"model": "wagtailcore.page", "pk": 3, "fields": {"path": "00010001", "depth": 2, "numchild": 1, "title": "Home", "draft_title": "Home", "slug": "home", "content_type": 2, "live": true, "has_unpublished_changes": false, "url_path": "/home/", "owner": null, "seo_title": "", "show_in_menus": false, "search_description": "", "go_live_at": null, "expire_at": null, "expired": false, "locked": false, "first_published_at": null, "last_published_at": null, "latest_revision_created_at": null, "live_revision": null}}, {"model": "wagtailcore.page", "pk": 17, "fields": {"path": "000100010002", "depth": 3, "numchild": 5, "title": "Index-blog", "draft_title": "Index-blog", "slug": "index-blog", "content_type": 28, "live": true, "has_unpublished_changes": false, "url_path": "/home/index-blog/", "owner": 1, "seo_title": "", "show_in_menus": false, "search_description": "", "go_live_at": null, "expire_at": null, "expired": false, "locked": false, "first_published_at": "2019-06-10T15:01:57.355Z", "last_published_at": "2019-06-10T15:09:18.411Z", "latest_revision_created_at": "2019-06-10T15:09:18.133Z", "live_revision": null}}, {"model": "wagtailcore.page", "pk": 18, "fields": {"path": "0001000100020001", "depth": 4, "numchild": 0, "title": "Tags", "draft_title": "Tags", "slug": "tags", "content_type": 30, "live": true, "has_unpublished_changes": false, "url_path": "/home/index-blog/tags/", "owner": 1, "seo_title": "", "show_in_menus": false, "search_description": "", "go_live_at": null, "expire_at": null, "expired": false, "locked": false, "first_published_at": "2019-06-11T07:33:28.173Z", "last_published_at": "2019-06-11T07:33:28.173Z", "latest_revision_created_at": "2019-06-11T07:33:27.846Z", "live_revision": null}}, {"model": "wagtailcore.page", "pk": 19, "fields": {"path": "0001000100020002", "depth": 4, "numchild": 8, "title": "Posts", "draft_title": "Posts", "slug": "posts", "content_type": 28, "live": true, "has_unpublished_changes": false, "url_path": "/home/index-blog/posts/", "owner": 1, "seo_title": "", "show_in_menus": false, "search_description": "", "go_live_at": null, "expire_at": null, "expired": false, "locked": false, "first_published_at": "2019-06-10T15:07:34.233Z", "last_published_at": "2019-06-10T15:07:34.233Z", "latest_revision_created_at": "2019-06-10T15:07:34.233Z", "live_revision": null}}, {"model": "wagtailcore.page", "pk": 20, "fields": {"path": "00010001000200020001", "depth": 5, "numchild": 0, "title": "Page1", "draft_title": "Page1", "slug": "page1", "content_type": 29, "live": true, "has_unpublished_changes": false, "url_path": "/home/index-blog/posts/page1/", "owner": 1, "seo_title": "", "show_in_menus": false, "search_description": "", "go_live_at": null, "expire_at": null, "expired": false, "locked": false, "first_published_at": "2019-06-10T15:07:35.291Z", "last_published_at": "2019-06-16T12:55:49.634Z", "latest_revision_created_at": "2019-06-16T12:55:49.359Z", "live_revision": 112}}, {"model": "wagtailcore.page", "pk": 23, "fields": {"path": "00010001000200020004", "depth": 5, "numchild": 0, "title": "Page4", "draft_title": "Page4", "slug": "page4", "content_type": 29, "live": true, "has_unpublished_changes": false, "url_path": "/home/index-blog/posts/page4/", "owner": 1, "seo_title": "", "show_in_menus": false, "search_description": "", "go_live_at": null, "expire_at": null, "expired": false, "locked": false, "first_published_at": "2019-06-10T15:07:38.599Z", "last_published_at": "2019-06-10T15:07:38.599Z", "latest_revision_created_at": "2019-06-10T15:07:38.599Z", "live_revision": null}}, {"model": "wagtailcore.page", "pk": 25, "fields": {"path": "00010001000200020006", "depth": 5, "numchild": 0, "title": "Page6", "draft_title": "Page6", "slug": "page6", "content_type": 29, "live": true, "has_unpublished_changes": false, "url_path": "/home/index-blog/posts/page6/", "owner": 1, "seo_title": "", "show_in_menus": false, "search_description": "", "go_live_at": null, "expire_at": null, "expired": false, "locked": false, "first_published_at": "2019-06-10T15:07:41.370Z", "last_published_at": "2019-06-10T15:07:41.370Z", "latest_revision_created_at": "2019-06-10T15:07:41.370Z", "live_revision": null}}, {"model": "wagtailcore.page", "pk": 26, "fields": {"path": "00010001000200020007", "depth": 5, "numchild": 0, "title": "Page7", "draft_title": "Page7", "slug": "page7", "content_type": 29, "live": true, "has_unpublished_changes": false, "url_path": "/home/index-blog/posts/page7/", "owner": 1, "seo_title": "", "show_in_menus": false, "search_description": "", "go_live_at": null, "expire_at": null, "expired": false, "locked": false, "first_published_at": "2019-06-10T15:07:42.125Z", "last_published_at": "2019-06-10T15:07:42.125Z", "latest_revision_created_at": "2019-06-10T15:07:42.125Z", "live_revision": null}}, {"model": "wagtailcore.page", "pk": 27, "fields": {"path": "00010001000200020008", "depth": 5, "numchild": 0, "title": "Page8", "draft_title": "Page8", "slug": "page8", "content_type": 29, "live": true, "has_unpublished_changes": false, "url_path": "/home/index-blog/posts/page8/", "owner": 1, "seo_title": "", "show_in_menus": false, "search_description": "", "go_live_at": null, "expire_at": null, "expired": false, "locked": false, "first_published_at": "2019-06-10T15:07:42.907Z", "last_published_at": "2019-06-10T15:07:42.907Z", "latest_revision_created_at": "2019-06-10T15:07:42.907Z", "live_revision": null}}, {"model": "wagtailcore.page", "pk": 28, "fields": {"path": "00010001000200020009", "depth": 5, "numchild": 0, "title": "Page9", "draft_title": "Page9", "slug": "page9", "content_type": 29, "live": true, "has_unpublished_changes": false, "url_path": "/home/index-blog/posts/page9/", "owner": 1, "seo_title": "", "show_in_menus": false, "search_description": "", "go_live_at": null, "expire_at": null, "expired": false, "locked": false, "first_published_at": "2019-06-10T15:07:43.782Z", "last_published_at": "2019-06-10T15:07:43.782Z", "latest_revision_created_at": "2019-06-10T15:07:43.782Z", "live_revision": null}}, {"model": "wagtailcore.page", "pk": 29, "fields": {"path": "0001000100020002000A", "depth": 5, "numchild": 0, "title": "Page10", "draft_title": "Page10", "slug": "page10", "content_type": 29, "live": true, "has_unpublished_changes": false, "url_path": "/home/index-blog/posts/page10/", "owner": 1, "seo_title": "", "show_in_menus": false, "search_description": "", "go_live_at": null, "expire_at": null, "expired": false, "locked": false, "first_published_at": "2019-06-10T15:07:45.030Z", "last_published_at": "2019-06-10T15:07:45.030Z", "latest_revision_created_at": "2019-06-10T15:07:45.030Z", "live_revision": null}}, {"model": "wagtailcore.page", "pk": 30, "fields": {"path": "0001000100020003", "depth": 4, "numchild": 0, "title": "All Tags", "draft_title": "All Tags", "slug": "all-tags", "content_type": 33, "live": true, "has_unpublished_changes": false, "url_path": "/home/index-blog/all-tags/", "owner": 1, "seo_title": "", "show_in_menus": false, "search_description": "", "go_live_at": null, "expire_at": null, "expired": false, "locked": false, "first_published_at": "2019-06-11T07:34:48.403Z", "last_published_at": "2019-06-11T07:34:48.403Z", "latest_revision_created_at": "2019-06-11T07:34:48.214Z", "live_revision": null}}, {"model": "wagtailcore.page", "pk": 31, "fields": {"path": "0001000100020004", "depth": 4, "numchild": 0, "title": "Search", "draft_title": "Search", "slug": "blog-search", "content_type": 34, "live": true, "has_unpublished_changes": false, "url_path": "/home/index-blog/blog-search/", "owner": 1, "seo_title": "", "show_in_menus": false, "search_description": "", "go_live_at": null, "expire_at": null, "expired": false, "locked": false, "first_published_at": "2019-06-11T10:08:19.198Z", "last_published_at": "2019-06-11T10:08:19.198Z", "latest_revision_created_at": "2019-06-11T10:08:19.036Z", "live_revision": null}}, {"model": "wagtailcore.page", "pk": 32, "fields": {"path": "0001000100020005", "depth": 4, "numchild": 0, "title": "Blog Tree", "draft_title": "Blog Tree", "slug": "blog-tree", "content_type": 35, "live": true, "has_unpublished_changes": false, "url_path": "/home/index-blog/blog-tree/", "owner": 1, "seo_title": "", "show_in_menus": false, "search_description": "", "go_live_at": null, "expire_at": null, "expired": false, "locked": false, "first_published_at": "2019-06-11T10:59:33.216Z", "last_published_at": "2019-06-11T10:59:33.216Z", "latest_revision_created_at": "2019-06-11T10:59:33.073Z", "live_revision": null}}, {"model": "wagtailcore.page", "pk": 33, "fields": {"path": "0001000100020002000B", "depth": 5, "numchild": 0, "title": "Post11", "draft_title": "Post11", "slug": "post11", "content_type": 29, "live": true, "has_unpublished_changes": false, "url_path": "/home/index-blog/posts/post11/", "owner": 1, "seo_title": "", "show_in_menus": false, "search_description": "", "go_live_at": null, "expire_at": null, "expired": false, "locked": false, "first_published_at": "2019-06-11T11:09:45.087Z", "last_published_at": "2019-06-16T15:04:26.088Z", "latest_revision_created_at": "2019-06-16T15:04:25.916Z", "live_revision": 113}}, {"model": "wagtailimages.image", "pk": 1, "fields": {"collection": 1, "title": "binary-code-475664_1920.jpg", "file": "original_images/binary-code-475664_1920.jpg", "width": 1920, "height": 1357, "created_at": "2019-06-11T15:35:04.204Z", "uploaded_by_user": 1, "focal_point_x": null, "focal_point_y": null, "focal_point_width": null, "focal_point_height": null, "file_size": 277879, "file_hash": "61729e4bec3f20ccd8121bfd80a6a04d6af2a0d3"}}, {"model": "wagtailimages.image", "pk": 2, "fields": {"collection": 1, "title": "web-3706562_1920.jpg", "file": "original_images/web-3706562_1920.jpg", "width": 1920, "height": 640, "created_at": "2019-06-12T08:03:20.202Z", "uploaded_by_user": 1, "focal_point_x": null, "focal_point_y": null, "focal_point_width": null, "focal_point_height": null, "file_size": 674580, "file_hash": "7c697debc80fe3085630ec98fdcadb140c312d10"}}, {"model": "wagtailimages.image", "pk": 3, "fields": {"collection": 1, "title": "dj.jpg", "file": "original_images/dj.jpg", "width": 750, "height": 422, "created_at": "2019-06-12T10:41:12.305Z", "uploaded_by_user": 1, "focal_point_x": null, "focal_point_y": null, "focal_point_width": null, "focal_point_height": null, "file_size": 28322, "file_hash": "20a6dbacb44c920f07f334ed753a989a078aac1d"}}, {"model": "wagtailimages.image", "pk": 4, "fields": {"collection": 1, "title": "pexels-photo-697662.jpeg", "file": "original_images/pexels-photo-697662.jpeg", "width": 1920, "height": 1278, "created_at": "2019-06-12T10:50:26.079Z", "uploaded_by_user": 1, "focal_point_x": 1538, "focal_point_y": 303, "focal_point_width": 637, "focal_point_height": 535, "file_size": 848527, "file_hash": "eb1259cba35a0d15bb3677d8c7ccff36c7aad4ec"}}, {"model": "wagtailimages.image", "pk": 5, "fields": {"collection": 1, "title": "ball-63527_1920.jpg", "file": "original_images/ball-63527_1920.jpg", "width": 1920, "height": 1357, "created_at": "2019-06-12T11:34:55.100Z", "uploaded_by_user": 1, "focal_point_x": null, "focal_point_y": null, "focal_point_width": null, "focal_point_height": null, "file_size": 477430, "file_hash": "5c5cec8ee6704e06fe1d5ecdbc39111eabb5e46a"}}, {"model": "wagtailimages.image", "pk": 6, "fields": {"collection": 1, "title": "anunnaki.jpg", "file": "original_images/anunnaki.jpg", "width": 950, "height": 450, "created_at": "2019-06-12T11:56:40.816Z", "uploaded_by_user": 1, "focal_point_x": null, "focal_point_y": null, "focal_point_width": null, "focal_point_height": null, "file_size": 84296, "file_hash": "3dbe05a8c6589e7a59cacf30bbe85cde630750ac"}}, {"model": "home.homepage", "pk": 3, "fields": {"body": ""}}]