[{"model": "wagtailembeds.embed", "pk": 1, "fields": {"url": "https://youtu.be/vD_Q0EF6s2k", "max_width": null, "type": "video", "html": "<iframe width=\"480\" height=\"270\" src=\"https://www.youtube.com/embed/vD_Q0EF6s2k?feature=oembed\" frameborder=\"0\" allow=\"accelerometer; autoplay; encrypted-media; gyroscope; picture-in-picture\" allowfullscreen></iframe>", "title": "Mauro Biglino - QUELLO CHE NON VI DICONO SULLO STERMINIO DEGLI EBREI", "author_name": "MASKMADA Official", "provider_name": "YouTube", "thumbnail_url": "https://i.ytimg.com/vi/vD_Q0EF6s2k/hqdefault.jpg", "width": 480, "height": 270, "last_updated": "2019-06-16T11:23:04.785Z"}}, {"model": "wagtailimages.rendition", "pk": 1, "fields": {"filter_spec": "max-165x165", "file": "images/binary-code-475664_1920.max-165x165.jpg", "width": 165, "height": 116, "focal_point_key": "", "image": 1}}, {"model": "wagtailimages.rendition", "pk": 2, "fields": {"filter_spec": "fill-160x100", "file": "images/binary-code-475664_1920.2e16d0ba.fill-160x100.jpg", "width": 160, "height": 100, "focal_point_key": "2e16d0ba", "image": 1}}, {"model": "wagtailimages.rendition", "pk": 3, "fields": {"filter_spec": "fill-320x240", "file": "images/binary-code-475664_1920.2e16d0ba.fill-320x240.jpg", "width": 320, "height": 240, "focal_point_key": "2e16d0ba", "image": 1}}, {"model": "wagtailimages.rendition", "pk": 4, "fields": {"filter_spec": "width-600", "file": "images/binary-code-475664_1920.width-600.jpg", "width": 600, "height": 424, "focal_point_key": "", "image": 1}}, {"model": "wagtailimages.rendition", "pk": 5, "fields": {"filter_spec": "max-165x165", "file": "images/web-3706562_1920.max-165x165.jpg", "width": 165, "height": 55, "focal_point_key": "", "image": 2}}, {"model": "wagtailimages.rendition", "pk": 6, "fields": {"filter_spec": "fill-160x100", "file": "images/web-3706562_1920.2e16d0ba.fill-160x100.jpg", "width": 160, "height": 100, "focal_point_key": "2e16d0ba", "image": 2}}, {"model": "wagtailimages.rendition", "pk": 7, "fields": {"filter_spec": "max-165x165", "file": "images/dj.max-165x165.jpg", "width": 165, "height": 92, "focal_point_key": "", "image": 3}}, {"model": "wagtailimages.rendition", "pk": 8, "fields": {"filter_spec": "fill-320x240", "file": "images/dj.2e16d0ba.fill-320x240.jpg", "width": 320, "height": 240, "focal_point_key": "2e16d0ba", "image": 3}}, {"model": "wagtailimages.rendition", "pk": 9, "fields": {"filter_spec": "fill-320x240", "file": "images/web-3706562_1920.2e16d0ba.fill-320x240.jpg", "width": 320, "height": 240, "focal_point_key": "2e16d0ba", "image": 2}}, {"model": "wagtailimages.rendition", "pk": 10, "fields": {"filter_spec": "fill-160x100", "file": "images/dj.2e16d0ba.fill-160x100.jpg", "width": 160, "height": 100, "focal_point_key": "2e16d0ba", "image": 3}}, {"model": "wagtailimages.rendition", "pk": 11, "fields": {"filter_spec": "max-165x165", "file": "images/pexels-photo-697662.max-165x165.jpg", "width": 165, "height": 109, "focal_point_key": "", "image": 4}}, {"model": "wagtailimages.rendition", "pk": 12, "fields": {"filter_spec": "original", "file": "images/pexels-photo-697662.original.jpg", "width": 1920, "height": 1278, "focal_point_key": "", "image": 4}}, {"model": "wagtailimages.rendition", "pk": 13, "fields": {"filter_spec": "max-800x600", "file": "images/pexels-photo-697662.max-800x600.jpg", "width": 800, "height": 532, "focal_point_key": "", "image": 4}}, {"model": "wagtailimages.rendition", "pk": 14, "fields": {"filter_spec": "width-600", "file": "images/pexels-photo-697662.width-600.jpg", "width": 600, "height": 399, "focal_point_key": "", "image": 4}}, {"model": "wagtailimages.rendition", "pk": 15, "fields": {"filter_spec": "original", "file": "images/dj.original.jpg", "width": 750, "height": 422, "focal_point_key": "", "image": 3}}, {"model": "wagtailimages.rendition", "pk": 16, "fields": {"filter_spec": "max-800x600", "file": "images/dj.max-800x600.jpg", "width": 750, "height": 422, "focal_point_key": "", "image": 3}}, {"model": "wagtailimages.rendition", "pk": 17, "fields": {"filter_spec": "max-1000x500", "file": "images/dj.max-1000x500.jpg", "width": 750, "height": 422, "focal_point_key": "", "image": 3}}, {"model": "wagtailimages.rendition", "pk": 18, "fields": {"filter_spec": "max-165x165", "file": "images/ball-63527_1920.max-165x165.jpg", "width": 165, "height": 116, "focal_point_key": "", "image": 5}}, {"model": "wagtailimages.rendition", "pk": 19, "fields": {"filter_spec": "max-1000x500", "file": "images/binary-code-475664_1920.max-1000x500.jpg", "width": 707, "height": 500, "focal_point_key": "", "image": 1}}, {"model": "wagtailimages.rendition", "pk": 20, "fields": {"filter_spec": "width-250", "file": "images/binary-code-475664_1920.width-250.jpg", "width": 250, "height": 176, "focal_point_key": "", "image": 1}}, {"model": "wagtailimages.rendition", "pk": 21, "fields": {"filter_spec": "width-500", "file": "images/ball-63527_1920.width-500.jpg", "width": 500, "height": 353, "focal_point_key": "", "image": 5}}, {"model": "wagtailimages.rendition", "pk": 22, "fields": {"filter_spec": "original", "file": "images/binary-code-475664_1920.original.jpg", "width": 1920, "height": 1357, "focal_point_key": "", "image": 1}}, {"model": "wagtailimages.rendition", "pk": 23, "fields": {"filter_spec": "max-800x600", "file": "images/binary-code-475664_1920.max-800x600.jpg", "width": 800, "height": 565, "focal_point_key": "", "image": 1}}, {"model": "wagtailimages.rendition", "pk": 24, "fields": {"filter_spec": "max-165x165", "file": "images/anunnaki.max-165x165.jpg", "width": 165, "height": 78, "focal_point_key": "", "image": 6}}, {"model": "wagtailimages.rendition", "pk": 25, "fields": {"filter_spec": "max-1000x500", "file": "images/anunnaki.max-1000x500.jpg", "width": 950, "height": 450, "focal_point_key": "", "image": 6}}, {"model": "wagtailimages.rendition", "pk": 26, "fields": {"filter_spec": "width-500", "file": "images/anunnaki.width-500.jpg", "width": 500, "height": 236, "focal_point_key": "", "image": 6}}, {"model": "wagtailimages.rendition", "pk": 27, "fields": {"filter_spec": "width-500", "file": "images/dj.width-500.jpg", "width": 500, "height": 281, "focal_point_key": "", "image": 3}}, {"model": "wagtailimages.rendition", "pk": 28, "fields": {"filter_spec": "width-250", "file": "images/pexels-photo-697662.width-250.jpg", "width": 250, "height": 166, "focal_point_key": "", "image": 4}}, {"model": "wagtailimages.rendition", "pk": 29, "fields": {"filter_spec": "width-500", "file": "images/binary-code-475664_1920.width-500.jpg", "width": 500, "height": 353, "focal_point_key": "", "image": 1}}, {"model": "wagtailimages.rendition", "pk": 30, "fields": {"filter_spec": "width-500", "file": "images/web-3706562_1920.width-500.jpg", "width": 500, "height": 166, "focal_point_key": "", "image": 2}}, {"model": "wagtailimages.rendition", "pk": 31, "fields": {"filter_spec": "scale-100", "file": "images/web-3706562_1920.scale-100.jpg", "width": 1920, "height": 640, "focal_point_key": "", "image": 2}}, {"model": "wagtailimages.rendition", "pk": 32, "fields": {"filter_spec": "width-600", "file": "images/web-3706562_1920.width-600.jpg", "width": 600, "height": 200, "focal_point_key": "", "image": 2}}, {"model": "wagtailimages.rendition", "pk": 33, "fields": {"filter_spec": "width-700", "file": "images/web-3706562_1920.width-700.jpg", "width": 700, "height": 233, "focal_point_key": "", "image": 2}}, {"model": "wagtailimages.rendition", "pk": 34, "fields": {"filter_spec": "width-700", "file": "images/binary-code-475664_1920.width-700.jpg", "width": 700, "height": 494, "focal_point_key": "", "image": 1}}, {"model": "wagtailimages.rendition", "pk": 35, "fields": {"filter_spec": "max-165x165", "file": "images/farthest-quasar.max-165x165.jpg", "width": 165, "height": 88, "focal_point_key": "", "image": 7}}, {"model": "wagtailimages.rendition", "pk": 36, "fields": {"filter_spec": "width-700", "file": "images/farthest-quasar.width-700.jpg", "width": 700, "height": 374, "focal_point_key": "", "image": 7}}, {"model": "wagtailimages.rendition", "pk": 37, "fields": {"filter_spec": "fill-160x100", "file": "images/farthest-quasar.2e16d0ba.fill-160x100.jpg", "width": 160, "height": 100, "focal_point_key": "2e16d0ba", "image": 7}}, {"model": "wagtailcore.site", "pk": 2, "fields": {"hostname": "localhost", "port": 80, "site_name": null, "root_page": 17, "is_default_site": true}}, {"model": "wagtailcore.collection", "pk": 1, "fields": {"path": "0001", "depth": 1, "numchild": 0, "name": "Root"}}, {"model": "taggit.tag", "pk": 1, "fields": {"name": "tag1", "slug": "tag1"}}, {"model": "taggit.tag", "pk": 2, "fields": {"name": "net", "slug": "net"}}, {"model": "taggit.tag", "pk": 3, "fields": {"name": "http", "slug": "http"}}, {"model": "taggit.tag", "pk": 4, "fields": {"name": "django", "slug": "django"}}, {"model": "taggit.tag", "pk": 5, "fields": {"name": "Hermes", "slug": "hermes"}}, {"model": "taggit.tag", "pk": 6, "fields": {"name": "Egypt", "slug": "egypt"}}, {"model": "taggit.tag", "pk": 7, "fields": {"name": "Sumer", "slug": "sumer"}}, {"model": "taggit.tag", "pk": 8, "fields": {"name": "Hebrew", "slug": "hebrew"}}, {"model": "taggit.tag", "pk": 9, "fields": {"name": "Python", "slug": "python"}}, {"model": "taggit.tag", "pk": 10, "fields": {"name": "bits", "slug": "bits"}}, {"model": "taggit.tag", "pk": 11, "fields": {"name": "anunnaky", "slug": "anunnaky"}}, {"model": "taggit.tag", "pk": 12, "fields": {"name": "anunnaki", "slug": "anunnaki"}}, {"model": "taggit.tag", "pk": 13, "fields": {"name": "elohim", "slug": "elohim"}}, {"model": "contenttypes.contenttype", "pk": 1, "fields": {"app_label": "wagtailcore", "model": "page"}}, {"model": "contenttypes.contenttype", "pk": 2, "fields": {"app_label": "home", "model": "homepage"}}, {"model": "contenttypes.contenttype", "pk": 3, "fields": {"app_label": "wagtailadmin", "model": "admin"}}, {"model": "contenttypes.contenttype", "pk": 4, "fields": {"app_label": "wagtaildocs", "model": "document"}}, {"model": "contenttypes.contenttype", "pk": 5, "fields": {"app_label": "wagtailimages", "model": "image"}}, {"model": "contenttypes.contenttype", "pk": 6, "fields": {"app_label": "wagtailforms", "model": "formsubmission"}}, {"model": "contenttypes.contenttype", "pk": 7, "fields": {"app_label": "wagtailredirects", "model": "redirect"}}, {"model": "contenttypes.contenttype", "pk": 8, "fields": {"app_label": "wagtailembeds", "model": "embed"}}, {"model": "contenttypes.contenttype", "pk": 9, "fields": {"app_label": "wagtailusers", "model": "userprofile"}}, {"model": "contenttypes.contenttype", "pk": 10, "fields": {"app_label": "wagtailimages", "model": "rendition"}}, {"model": "contenttypes.contenttype", "pk": 11, "fields": {"app_label": "wagtailsearch", "model": "query"}}, {"model": "contenttypes.contenttype", "pk": 12, "fields": {"app_label": "wagtailsearch", "model": "querydailyhits"}}, {"model": "contenttypes.contenttype", "pk": 13, "fields": {"app_label": "wagtailcore", "model": "grouppagepermission"}}, {"model": "contenttypes.contenttype", "pk": 14, "fields": {"app_label": "wagtailcore", "model": "pagerevision"}}, {"model": "contenttypes.contenttype", "pk": 15, "fields": {"app_label": "wagtailcore", "model": "pageviewrestriction"}}, {"model": "contenttypes.contenttype", "pk": 16, "fields": {"app_label": "wagtailcore", "model": "site"}}, {"model": "contenttypes.contenttype", "pk": 17, "fields": {"app_label": "wagtailcore", "model": "collection"}}, {"model": "contenttypes.contenttype", "pk": 18, "fields": {"app_label": "wagtailcore", "model": "groupcollectionpermission"}}, {"model": "contenttypes.contenttype", "pk": 19, "fields": {"app_label": "wagtailcore", "model": "collectionviewrestriction"}}, {"model": "contenttypes.contenttype", "pk": 20, "fields": {"app_label": "taggit", "model": "tag"}}, {"model": "contenttypes.contenttype", "pk": 21, "fields": {"app_label": "taggit", "model": "taggeditem"}}, {"model": "contenttypes.contenttype", "pk": 22, "fields": {"app_label": "admin", "model": "logentry"}}, {"model": "contenttypes.contenttype", "pk": 23, "fields": {"app_label": "auth", "model": "permission"}}, {"model": "contenttypes.contenttype", "pk": 24, "fields": {"app_label": "auth", "model": "group"}}, {"model": "contenttypes.contenttype", "pk": 25, "fields": {"app_label": "auth", "model": "user"}}, {"model": "contenttypes.contenttype", "pk": 26, "fields": {"app_label": "contenttypes", "model": "contenttype"}}, {"model": "contenttypes.contenttype", "pk": 27, "fields": {"app_label": "sessions", "model": "session"}}, {"model": "contenttypes.contenttype", "pk": 28, "fields": {"app_label": "blog", "model": "blogindexpage"}}, {"model": "contenttypes.contenttype", "pk": 29, "fields": {"app_label": "blog", "model": "blogpage"}}, {"model": "contenttypes.contenttype", "pk": 30, "fields": {"app_label": "blog", "model": "blogtagindexpage"}}, {"model": "contenttypes.contenttype", "pk": 31, "fields": {"app_label": "blog", "model": "blogpagetag"}}, {"model": "contenttypes.contenttype", "pk": 32, "fields": {"app_label": "blog", "model": "blogpagegalleryimage"}}, {"model": "contenttypes.contenttype", "pk": 33, "fields": {"app_label": "blog", "model": "blogalltags"}}, {"model": "contenttypes.contenttype", "pk": 34, "fields": {"app_label": "blog", "model": "blogsearch"}}, {"model": "contenttypes.contenttype", "pk": 35, "fields": {"app_label": "blog", "model": "blogtree"}}, {"model": "contenttypes.contenttype", "pk": 36, "fields": {"app_label": "blog", "model": "blogallcategories"}}, {"model": "contenttypes.contenttype", "pk": 37, "fields": {"app_label": "blog", "model": "blogcategory"}}, {"model": "contenttypes.contenttype", "pk": 38, "fields": {"app_label": "sites", "model": "site"}}, {"model": "contenttypes.contenttype", "pk": 39, "fields": {"app_label": "django_comments", "model": "comment"}}, {"model": "contenttypes.contenttype", "pk": 40, "fields": {"app_label": "django_comments", "model": "commentflag"}}, {"model": "sessions.session", "pk": "4gabmxadzhp7zkceotcwfe9wrkrlzpru", "fields": {"session_data": "M2NkMWNhY2EwOTY0MDRhMzM1NjJjN2Q1YTczZDFiMjk3NDUyYWIxODp7Il9hdXRoX3VzZXJfaWQiOiIxIiwiX2F1dGhfdXNlcl9iYWNrZW5kIjoiZGphbmdvLmNvbnRyaWIuYXV0aC5iYWNrZW5kcy5Nb2RlbEJhY2tlbmQiLCJfYXV0aF91c2VyX2hhc2giOiI3Zjk4YWQ5NTQzYjg1NWNkMmEwOGIzZWUwNTJkNDQ1YmRhZmJiOTRlIn0=", "expire_date": "2019-06-24T11:51:20.539Z"}}, {"model": "sessions.session", "pk": "5qs4rpgdasq7iyyc6i5p9qcz7u3y7jtn", "fields": {"session_data": "M2NkMWNhY2EwOTY0MDRhMzM1NjJjN2Q1YTczZDFiMjk3NDUyYWIxODp7Il9hdXRoX3VzZXJfaWQiOiIxIiwiX2F1dGhfdXNlcl9iYWNrZW5kIjoiZGphbmdvLmNvbnRyaWIuYXV0aC5iYWNrZW5kcy5Nb2RlbEJhY2tlbmQiLCJfYXV0aF91c2VyX2hhc2giOiI3Zjk4YWQ5NTQzYjg1NWNkMmEwOGIzZWUwNTJkNDQ1YmRhZmJiOTRlIn0=", "expire_date": "2019-06-24T14:29:57.241Z"}}, {"model": "sessions.session", "pk": "86sqdcvr7lzsh4kbteeo2koq0x79n2ad", "fields": {"session_data": "M2NkMWNhY2EwOTY0MDRhMzM1NjJjN2Q1YTczZDFiMjk3NDUyYWIxODp7Il9hdXRoX3VzZXJfaWQiOiIxIiwiX2F1dGhfdXNlcl9iYWNrZW5kIjoiZGphbmdvLmNvbnRyaWIuYXV0aC5iYWNrZW5kcy5Nb2RlbEJhY2tlbmQiLCJfYXV0aF91c2VyX2hhc2giOiI3Zjk4YWQ5NTQzYjg1NWNkMmEwOGIzZWUwNTJkNDQ1YmRhZmJiOTRlIn0=", "expire_date": "2019-06-25T10:58:16.705Z"}}, {"model": "sessions.session", "pk": "99tj4ellge9tijixuph15zz34ehbd081", "fields": {"session_data": "M2NkMWNhY2EwOTY0MDRhMzM1NjJjN2Q1YTczZDFiMjk3NDUyYWIxODp7Il9hdXRoX3VzZXJfaWQiOiIxIiwiX2F1dGhfdXNlcl9iYWNrZW5kIjoiZGphbmdvLmNvbnRyaWIuYXV0aC5iYWNrZW5kcy5Nb2RlbEJhY2tlbmQiLCJfYXV0aF91c2VyX2hhc2giOiI3Zjk4YWQ5NTQzYjg1NWNkMmEwOGIzZWUwNTJkNDQ1YmRhZmJiOTRlIn0=", "expire_date": "2019-06-24T14:39:29.204Z"}}, {"model": "sessions.session", "pk": "asxc4p1fp27xxm65obrw3z3dpoaxe42a", "fields": {"session_data": "M2NkMWNhY2EwOTY0MDRhMzM1NjJjN2Q1YTczZDFiMjk3NDUyYWIxODp7Il9hdXRoX3VzZXJfaWQiOiIxIiwiX2F1dGhfdXNlcl9iYWNrZW5kIjoiZGphbmdvLmNvbnRyaWIuYXV0aC5iYWNrZW5kcy5Nb2RlbEJhY2tlbmQiLCJfYXV0aF91c2VyX2hhc2giOiI3Zjk4YWQ5NTQzYjg1NWNkMmEwOGIzZWUwNTJkNDQ1YmRhZmJiOTRlIn0=", "expire_date": "2019-06-24T11:44:56.421Z"}}, {"model": "sessions.session", "pk": "c4ypld7ixls2c6imdwcndzcav9zjyxw7", "fields": {"session_data": "M2NkMWNhY2EwOTY0MDRhMzM1NjJjN2Q1YTczZDFiMjk3NDUyYWIxODp7Il9hdXRoX3VzZXJfaWQiOiIxIiwiX2F1dGhfdXNlcl9iYWNrZW5kIjoiZGphbmdvLmNvbnRyaWIuYXV0aC5iYWNrZW5kcy5Nb2RlbEJhY2tlbmQiLCJfYXV0aF91c2VyX2hhc2giOiI3Zjk4YWQ5NTQzYjg1NWNkMmEwOGIzZWUwNTJkNDQ1YmRhZmJiOTRlIn0=", "expire_date": "2019-07-03T09:48:41.585Z"}}, {"model": "sessions.session", "pk": "fzh1ahe0ssydwsotut2yqs3urpcfrvnh", "fields": {"session_data": "YzIwNmY3NjhmOWZkM2M4YzcwMjI4YjQyMTVkY2I3YzUwMGFkN2JhYzp7IjAiOiJiYXIiLCIwIjoiYmFyIn0=", "expire_date": "2019-06-20T19:20:11.710Z"}}, {"model": "sessions.session", "pk": "kfokhylddsajxbwpgjw6outciqib85ov", "fields": {"session_data": "M2NkMWNhY2EwOTY0MDRhMzM1NjJjN2Q1YTczZDFiMjk3NDUyYWIxODp7Il9hdXRoX3VzZXJfaWQiOiIxIiwiX2F1dGhfdXNlcl9iYWNrZW5kIjoiZGphbmdvLmNvbnRyaWIuYXV0aC5iYWNrZW5kcy5Nb2RlbEJhY2tlbmQiLCJfYXV0aF91c2VyX2hhc2giOiI3Zjk4YWQ5NTQzYjg1NWNkMmEwOGIzZWUwNTJkNDQ1YmRhZmJiOTRlIn0=", "expire_date": "2019-06-25T10:06:52.574Z"}}, {"model": "sessions.session", "pk": "kkqy4gom8yi02sc8st2jvlr91cmeccjx", "fields": {"session_data": "M2NkMWNhY2EwOTY0MDRhMzM1NjJjN2Q1YTczZDFiMjk3NDUyYWIxODp7Il9hdXRoX3VzZXJfaWQiOiIxIiwiX2F1dGhfdXNlcl9iYWNrZW5kIjoiZGphbmdvLmNvbnRyaWIuYXV0aC5iYWNrZW5kcy5Nb2RlbEJhY2tlbmQiLCJfYXV0aF91c2VyX2hhc2giOiI3Zjk4YWQ5NTQzYjg1NWNkMmEwOGIzZWUwNTJkNDQ1YmRhZmJiOTRlIn0=", "expire_date": "2019-06-25T07:32:42.181Z"}}, {"model": "sessions.session", "pk": "nhzs8gxdmd2bdf4y33ad40bk2k3g8ijr", "fields": {"session_data": "M2NkMWNhY2EwOTY0MDRhMzM1NjJjN2Q1YTczZDFiMjk3NDUyYWIxODp7Il9hdXRoX3VzZXJfaWQiOiIxIiwiX2F1dGhfdXNlcl9iYWNrZW5kIjoiZGphbmdvLmNvbnRyaWIuYXV0aC5iYWNrZW5kcy5Nb2RlbEJhY2tlbmQiLCJfYXV0aF91c2VyX2hhc2giOiI3Zjk4YWQ5NTQzYjg1NWNkMmEwOGIzZWUwNTJkNDQ1YmRhZmJiOTRlIn0=", "expire_date": "2019-06-24T14:23:41.046Z"}}, {"model": "sessions.session", "pk": "s7abhzvwqd3uhkoqmg4lcz05k1wxu2fv", "fields": {"session_data": "M2NkMWNhY2EwOTY0MDRhMzM1NjJjN2Q1YTczZDFiMjk3NDUyYWIxODp7Il9hdXRoX3VzZXJfaWQiOiIxIiwiX2F1dGhfdXNlcl9iYWNrZW5kIjoiZGphbmdvLmNvbnRyaWIuYXV0aC5iYWNrZW5kcy5Nb2RlbEJhY2tlbmQiLCJfYXV0aF91c2VyX2hhc2giOiI3Zjk4YWQ5NTQzYjg1NWNkMmEwOGIzZWUwNTJkNDQ1YmRhZmJiOTRlIn0=", "expire_date": "2019-06-24T14:51:28.379Z"}}, {"model": "sessions.session", "pk": "vhn8xrqqgg5flxpvaj6nngaayb6p34un", "fields": {"session_data": "M2NkMWNhY2EwOTY0MDRhMzM1NjJjN2Q1YTczZDFiMjk3NDUyYWIxODp7Il9hdXRoX3VzZXJfaWQiOiIxIiwiX2F1dGhfdXNlcl9iYWNrZW5kIjoiZGphbmdvLmNvbnRyaWIuYXV0aC5iYWNrZW5kcy5Nb2RlbEJhY2tlbmQiLCJfYXV0aF91c2VyX2hhc2giOiI3Zjk4YWQ5NTQzYjg1NWNkMmEwOGIzZWUwNTJkNDQ1YmRhZmJiOTRlIn0=", "expire_date": "2019-06-24T12:16:07.083Z"}}, {"model": "sessions.session", "pk": "w05n0rp56fy61h36mfiyqq0qiipec1kx", "fields": {"session_data": "NDdkNWRmNzkxNjA3NTAxMWY5OTMxNjQ2MGY5YzVkOWI0MWQzYTNmZjp7Il9hdXRoX3VzZXJfaWQiOiIxIiwiX2F1dGhfdXNlcl9iYWNrZW5kIjoiZGphbmdvLmNvbnRyaWIuYXV0aC5iYWNrZW5kcy5Nb2RlbEJhY2tlbmQiLCJfYXV0aF91c2VyX2hhc2giOiI3Zjk4YWQ5NTQzYjg1NWNkMmEwOGIzZWUwNTJkNDQ1YmRhZmJiOTRlIiwid2FndGFpbC1wcmV2aWV3LTUiOlsiY3NyZm1pZGRsZXdhcmV0b2tlbj1LR21naHZudklWTnBpNmpueVhLOVdncFg3bEpPajFlSzVHRkZjeGtibEVCTE81MENpcDBvWFdtd3hIdWl4UTlkJm5leHQ9JnRpdGxlPVBvc3RzJmludHJvPW51bGwmc2x1Zz1wb3N0cyZzZW9fdGl0bGU9JnNlYXJjaF9kZXNjcmlwdGlvbj0mZ29fbGl2ZV9hdD0mZXhwaXJlX2F0PSIsMTU1OTgwODY0NC4xMzE3ODRdLCIwIjoiYmFyIiwicGFnZSI6IjEifQ==", "expire_date": "2019-06-22T10:47:31.457Z"}}, {"model": "sessions.session", "pk": "xklfwk8z5yk2sb8xc1hu23szfcdgjg42", "fields": {"session_data": "YTYwMjIxMmYyYTc3YmE1NTllMTNhOTk5MGJjNjQ5YjAwYWMzOTA0Mjp7Il9hdXRoX3VzZXJfaWQiOiIxIiwiX2F1dGhfdXNlcl9iYWNrZW5kIjoiZGphbmdvLmNvbnRyaWIuYXV0aC5iYWNrZW5kcy5Nb2RlbEJhY2tlbmQiLCJfYXV0aF91c2VyX2hhc2giOiI3Zjk4YWQ5NTQzYjg1NWNkMmEwOGIzZWUwNTJkNDQ1YmRhZmJiOTRlIiwid2FndGFpbC1wcmV2aWV3LTMzIjpbImNzcmZtaWRkbGV3YXJldG9rZW49VVJVR295cnFXeWZDdHVPN1p4V01GSnBWdUNSMERyamJuWFBlOEwxcGNZS3lKT3d6S1pXSDhNUmhzTmFSa1R2RyZuZXh0PSZ0aXRsZT1Qb3N0MTEmZ2FsbGVyeV9pbWFnZXMtVE9UQUxfRk9STVM9MSZnYWxsZXJ5X2ltYWdlcy1JTklUSUFMX0ZPUk1TPTEmZ2FsbGVyeV9pbWFnZXMtTUlOX05VTV9GT1JNUz0wJmdhbGxlcnlfaW1hZ2VzLU1BWF9OVU1fRk9STVM9MTAwMCZnYWxsZXJ5X2ltYWdlcy0wLWltYWdlPTEmZ2FsbGVyeV9pbWFnZXMtMC1jYXB0aW9uPSZnYWxsZXJ5X2ltYWdlcy0wLWlkPTEmZ2FsbGVyeV9pbWFnZXMtMC1PUkRFUj0xJmdhbGxlcnlfaW1hZ2VzLTAtREVMRVRFPSZkYXRlPTIwMTktMDYtMTEmdGFncz0maW50cm89aW50cm8tcG9zdDExJmJvZHktY291bnQ9NCZib2R5LTAtZGVsZXRlZD0mYm9keS0wLW9yZGVyPTAmYm9keS0wLXR5cGU9cGFyYWdyYXBoJmJvZHktMC1pZD02YmEyY2Y0Yy0zNzUyLTQwYjUtYjJjMy00ZWUyMDAxOTNmNTEmYm9keS0wLXZhbHVlPSU3QiUyMmJsb2NrcyUyMiUzQSU1QiU3QiUyMmtleSUyMiUzQSUyMmh6aHBxJTIyJTJDJTIydGV4dCUyMiUzQSUyMlRoaXMraXMrYSt2aWRlbyUzQSUyMiUyQyUyMnR5cGUlMjIlM0ElMjJ1bnN0eWxlZCUyMiUyQyUyMmRlcHRoJTIyJTNBMCUyQyUyMmlubGluZVN0eWxlUmFuZ2VzJTIyJTNBJTVCJTVEJTJDJTIyZW50aXR5UmFuZ2VzJTIyJTNBJTVCJTVEJTJDJTIyZGF0YSUyMiUzQSU3QiU3RCU3RCU1RCUyQyUyMmVudGl0eU1hcCUyMiUzQSU3QiU3RCU3RCZib2R5LTEtZGVsZXRlZD0mYm9keS0xLW9yZGVyPTEmYm9keS0xLXR5cGU9cGFyYWdyYXBoJmJvZHktMS1pZD02YmMwYzU2Ny03ZGVhLTRkNDItYjI1Mi0xYjNlYzc4YWQyYWMmYm9keS0xLXZhbHVlPSU3QiUyMmJsb2NrcyUyMiUzQSU1QiU3QiUyMmtleSUyMiUzQSUyMjRpOGs3JTIyJTJDJTIydGV4dCUyMiUzQSUyMnRleHQlMjIlMkMlMjJ0eXBlJTIyJTNBJTIydW5zdHlsZWQlMjIlMkMlMjJkZXB0aCUyMiUzQTAlMkMlMjJpbmxpbmVTdHlsZVJhbmdlcyUyMiUzQSU1QiU1RCUyQyUyMmVudGl0eVJhbmdlcyUyMiUzQSU1QiU1RCUyQyUyMmRhdGElMjIlM0ElN0IlN0QlN0QlNUQlMkMlMjJlbnRpdHlNYXAlMjIlM0ElN0IlN0QlN0QmYm9keS0yLWRlbGV0ZWQ9JmJvZHktMi1vcmRlcj0yJmJvZHktMi10eXBlPWh0bWxqcyZib2R5LTItaWQ9M2NlYmU3NGUtYmUwYi00NThjLWFhNzYtOTRkZGUyMDVhNTkzJmJvZHktMi12YWx1ZT0lM0NpZnJhbWUrd2lkdGglM0QlMjI1NjAlMjIraGVpZ2h0JTNEJTIyMzE1JTIyK3NyYyUzRCUyMmh0dHBzJTNBJTJGJTJGd3d3LnlvdXR1YmUuY29tJTJGZW1iZWQlMkZ2RF9RMEVGNnMyayUyMitmcmFtZWJvcmRlciUzRCUyMjAlMjIrYWxsb3clM0QlMjJhY2NlbGVyb21ldGVyJTNCK2F1dG9wbGF5JTNCK2VuY3J5cHRlZC1tZWRpYSUzQitneXJvc2NvcGUlM0IrcGljdHVyZS1pbi1waWN0dXJlJTIyK2FsbG93ZnVsbHNjcmVlbiUzRSUzQyUyRmlmcmFtZSUzRSZib2R5LTMtZGVsZXRlZD0mYm9keS0zLW9yZGVyPTMmYm9keS0zLXR5cGU9cGFyYWdyYXBoJmJvZHktMy1pZD00NTJiYTk0Ny01NTc2LTQ3ZGQtOTcyMC1lZTNhYjZjZGEzZjAmYm9keS0zLXZhbHVlPSU3QiUyMmJsb2NrcyUyMiUzQSU1QiU3QiUyMmtleSUyMiUzQSUyMnNjbjRoJTIyJTJDJTIydGV4dCUyMiUzQSUyMnRleHQyJTIyJTJDJTIydHlwZSUyMiUzQSUyMnVuc3R5bGVkJTIyJTJDJTIyZGVwdGglMjIlM0EwJTJDJTIyaW5saW5lU3R5bGVSYW5nZXMlMjIlM0ElNUIlNUQlMkMlMjJlbnRpdHlSYW5nZXMlMjIlM0ElNUIlNUQlMkMlMjJkYXRhJTIyJTNBJTdCJTdEJTdEJTVEJTJDJTIyZW50aXR5TWFwJTIyJTNBJTdCJTdEJTdEJnNsdWc9cG9zdDExJnNlb190aXRsZT0mc2VhcmNoX2Rlc2NyaXB0aW9uPSZnb19saXZlX2F0PSZleHBpcmVfYXQ9IiwxNTYwNjg2MDQ0LjY4NDQyMTNdfQ==", "expire_date": "2019-06-30T11:54:04.702Z"}}, {"model": "blog.blogpagegalleryimage", "pk": 6, "fields": {"sort_order": 0, "page": 35, "image": 7, "caption": ""}}, {"model": "auth.permission", "pk": 1, "fields": {"name": "Can access Wagtail admin", "content_type": 3, "codename": "access_admin"}}, {"model": "auth.permission", "pk": 2, "fields": {"name": "Can add document", "content_type": 4, "codename": "add_document"}}, {"model": "auth.permission", "pk": 3, "fields": {"name": "Can change document", "content_type": 4, "codename": "change_document"}}, {"model": "auth.permission", "pk": 4, "fields": {"name": "Can delete document", "content_type": 4, "codename": "delete_document"}}, {"model": "auth.permission", "pk": 5, "fields": {"name": "Can add image", "content_type": 5, "codename": "add_image"}}, {"model": "auth.permission", "pk": 6, "fields": {"name": "Can change image", "content_type": 5, "codename": "change_image"}}, {"model": "auth.permission", "pk": 7, "fields": {"name": "Can delete image", "content_type": 5, "codename": "delete_image"}}, {"model": "auth.permission", "pk": 8, "fields": {"name": "Can add home page", "content_type": 2, "codename": "add_homepage"}}, {"model": "auth.permission", "pk": 9, "fields": {"name": "Can change home page", "content_type": 2, "codename": "change_homepage"}}, {"model": "auth.permission", "pk": 10, "fields": {"name": "Can delete home page", "content_type": 2, "codename": "delete_homepage"}}, {"model": "auth.permission", "pk": 11, "fields": {"name": "Can view home page", "content_type": 2, "codename": "view_homepage"}}, {"model": "auth.permission", "pk": 12, "fields": {"name": "Can add form submission", "content_type": 6, "codename": "add_formsubmission"}}, {"model": "auth.permission", "pk": 13, "fields": {"name": "Can change form submission", "content_type": 6, "codename": "change_formsubmission"}}, {"model": "auth.permission", "pk": 14, "fields": {"name": "Can delete form submission", "content_type": 6, "codename": "delete_formsubmission"}}, {"model": "auth.permission", "pk": 15, "fields": {"name": "Can view form submission", "content_type": 6, "codename": "view_formsubmission"}}, {"model": "auth.permission", "pk": 16, "fields": {"name": "Can add redirect", "content_type": 7, "codename": "add_redirect"}}, {"model": "auth.permission", "pk": 17, "fields": {"name": "Can change redirect", "content_type": 7, "codename": "change_redirect"}}, {"model": "auth.permission", "pk": 18, "fields": {"name": "Can delete redirect", "content_type": 7, "codename": "delete_redirect"}}, {"model": "auth.permission", "pk": 19, "fields": {"name": "Can view redirect", "content_type": 7, "codename": "view_redirect"}}, {"model": "auth.permission", "pk": 20, "fields": {"name": "Can add embed", "content_type": 8, "codename": "add_embed"}}, {"model": "auth.permission", "pk": 21, "fields": {"name": "Can change embed", "content_type": 8, "codename": "change_embed"}}, {"model": "auth.permission", "pk": 22, "fields": {"name": "Can delete embed", "content_type": 8, "codename": "delete_embed"}}, {"model": "auth.permission", "pk": 23, "fields": {"name": "Can view embed", "content_type": 8, "codename": "view_embed"}}, {"model": "auth.permission", "pk": 24, "fields": {"name": "Can add user profile", "content_type": 9, "codename": "add_userprofile"}}, {"model": "auth.permission", "pk": 25, "fields": {"name": "Can change user profile", "content_type": 9, "codename": "change_userprofile"}}, {"model": "auth.permission", "pk": 26, "fields": {"name": "Can delete user profile", "content_type": 9, "codename": "delete_userprofile"}}, {"model": "auth.permission", "pk": 27, "fields": {"name": "Can view user profile", "content_type": 9, "codename": "view_userprofile"}}, {"model": "auth.permission", "pk": 28, "fields": {"name": "Can view document", "content_type": 4, "codename": "view_document"}}, {"model": "auth.permission", "pk": 29, "fields": {"name": "Can view image", "content_type": 5, "codename": "view_image"}}, {"model": "auth.permission", "pk": 30, "fields": {"name": "Can add rendition", "content_type": 10, "codename": "add_rendition"}}, {"model": "auth.permission", "pk": 31, "fields": {"name": "Can change rendition", "content_type": 10, "codename": "change_rendition"}}, {"model": "auth.permission", "pk": 32, "fields": {"name": "Can delete rendition", "content_type": 10, "codename": "delete_rendition"}}, {"model": "auth.permission", "pk": 33, "fields": {"name": "Can view rendition", "content_type": 10, "codename": "view_rendition"}}, {"model": "auth.permission", "pk": 34, "fields": {"name": "Can add query", "content_type": 11, "codename": "add_query"}}, {"model": "auth.permission", "pk": 35, "fields": {"name": "Can change query", "content_type": 11, "codename": "change_query"}}, {"model": "auth.permission", "pk": 36, "fields": {"name": "Can delete query", "content_type": 11, "codename": "delete_query"}}, {"model": "auth.permission", "pk": 37, "fields": {"name": "Can view query", "content_type": 11, "codename": "view_query"}}, {"model": "auth.permission", "pk": 38, "fields": {"name": "Can add Query Daily Hits", "content_type": 12, "codename": "add_querydailyhits"}}, {"model": "auth.permission", "pk": 39, "fields": {"name": "Can change Query Daily Hits", "content_type": 12, "codename": "change_querydailyhits"}}, {"model": "auth.permission", "pk": 40, "fields": {"name": "Can delete Query Daily Hits", "content_type": 12, "codename": "delete_querydailyhits"}}, {"model": "auth.permission", "pk": 41, "fields": {"name": "Can view Query Daily Hits", "content_type": 12, "codename": "view_querydailyhits"}}, {"model": "auth.permission", "pk": 42, "fields": {"name": "Can add page", "content_type": 1, "codename": "add_page"}}, {"model": "auth.permission", "pk": 43, "fields": {"name": "Can change page", "content_type": 1, "codename": "change_page"}}, {"model": "auth.permission", "pk": 44, "fields": {"name": "Can delete page", "content_type": 1, "codename": "delete_page"}}, {"model": "auth.permission", "pk": 45, "fields": {"name": "Can view page", "content_type": 1, "codename": "view_page"}}, {"model": "auth.permission", "pk": 46, "fields": {"name": "Can add group page permission", "content_type": 13, "codename": "add_grouppagepermission"}}, {"model": "auth.permission", "pk": 47, "fields": {"name": "Can change group page permission", "content_type": 13, "codename": "change_grouppagepermission"}}, {"model": "auth.permission", "pk": 48, "fields": {"name": "Can delete group page permission", "content_type": 13, "codename": "delete_grouppagepermission"}}, {"model": "auth.permission", "pk": 49, "fields": {"name": "Can view group page permission", "content_type": 13, "codename": "view_grouppagepermission"}}, {"model": "auth.permission", "pk": 50, "fields": {"name": "Can add page revision", "content_type": 14, "codename": "add_pagerevision"}}, {"model": "auth.permission", "pk": 51, "fields": {"name": "Can change page revision", "content_type": 14, "codename": "change_pagerevision"}}, {"model": "auth.permission", "pk": 52, "fields": {"name": "Can delete page revision", "content_type": 14, "codename": "delete_pagerevision"}}, {"model": "auth.permission", "pk": 53, "fields": {"name": "Can view page revision", "content_type": 14, "codename": "view_pagerevision"}}, {"model": "auth.permission", "pk": 54, "fields": {"name": "Can add page view restriction", "content_type": 15, "codename": "add_pageviewrestriction"}}, {"model": "auth.permission", "pk": 55, "fields": {"name": "Can change page view restriction", "content_type": 15, "codename": "change_pageviewrestriction"}}, {"model": "auth.permission", "pk": 56, "fields": {"name": "Can delete page view restriction", "content_type": 15, "codename": "delete_pageviewrestriction"}}, {"model": "auth.permission", "pk": 57, "fields": {"name": "Can view page view restriction", "content_type": 15, "codename": "view_pageviewrestriction"}}, {"model": "auth.permission", "pk": 58, "fields": {"name": "Can add site", "content_type": 16, "codename": "add_site"}}, {"model": "auth.permission", "pk": 59, "fields": {"name": "Can change site", "content_type": 16, "codename": "change_site"}}, {"model": "auth.permission", "pk": 60, "fields": {"name": "Can delete site", "content_type": 16, "codename": "delete_site"}}, {"model": "auth.permission", "pk": 61, "fields": {"name": "Can view site", "content_type": 16, "codename": "view_site"}}, {"model": "auth.permission", "pk": 62, "fields": {"name": "Can add collection", "content_type": 17, "codename": "add_collection"}}, {"model": "auth.permission", "pk": 63, "fields": {"name": "Can change collection", "content_type": 17, "codename": "change_collection"}}, {"model": "auth.permission", "pk": 64, "fields": {"name": "Can delete collection", "content_type": 17, "codename": "delete_collection"}}, {"model": "auth.permission", "pk": 65, "fields": {"name": "Can view collection", "content_type": 17, "codename": "view_collection"}}, {"model": "auth.permission", "pk": 66, "fields": {"name": "Can add group collection permission", "content_type": 18, "codename": "add_groupcollectionpermission"}}, {"model": "auth.permission", "pk": 67, "fields": {"name": "Can change group collection permission", "content_type": 18, "codename": "change_groupcollectionpermission"}}, {"model": "auth.permission", "pk": 68, "fields": {"name": "Can delete group collection permission", "content_type": 18, "codename": "delete_groupcollectionpermission"}}, {"model": "auth.permission", "pk": 69, "fields": {"name": "Can view group collection permission", "content_type": 18, "codename": "view_groupcollectionpermission"}}, {"model": "auth.permission", "pk": 70, "fields": {"name": "Can add collection view restriction", "content_type": 19, "codename": "add_collectionviewrestriction"}}, {"model": "auth.permission", "pk": 71, "fields": {"name": "Can change collection view restriction", "content_type": 19, "codename": "change_collectionviewrestriction"}}, {"model": "auth.permission", "pk": 72, "fields": {"name": "Can delete collection view restriction", "content_type": 19, "codename": "delete_collectionviewrestriction"}}, {"model": "auth.permission", "pk": 73, "fields": {"name": "Can view collection view restriction", "content_type": 19, "codename": "view_collectionviewrestriction"}}, {"model": "auth.permission", "pk": 74, "fields": {"name": "Can add Tag", "content_type": 20, "codename": "add_tag"}}, {"model": "auth.permission", "pk": 75, "fields": {"name": "Can change Tag", "content_type": 20, "codename": "change_tag"}}, {"model": "auth.permission", "pk": 76, "fields": {"name": "Can delete Tag", "content_type": 20, "codename": "delete_tag"}}, {"model": "auth.permission", "pk": 77, "fields": {"name": "Can view Tag", "content_type": 20, "codename": "view_tag"}}, {"model": "auth.permission", "pk": 78, "fields": {"name": "Can add Tagged Item", "content_type": 21, "codename": "add_taggeditem"}}, {"model": "auth.permission", "pk": 79, "fields": {"name": "Can change Tagged Item", "content_type": 21, "codename": "change_taggeditem"}}, {"model": "auth.permission", "pk": 80, "fields": {"name": "Can delete Tagged Item", "content_type": 21, "codename": "delete_taggeditem"}}, {"model": "auth.permission", "pk": 81, "fields": {"name": "Can view Tagged Item", "content_type": 21, "codename": "view_taggeditem"}}, {"model": "auth.permission", "pk": 82, "fields": {"name": "Can add log entry", "content_type": 22, "codename": "add_logentry"}}, {"model": "auth.permission", "pk": 83, "fields": {"name": "Can change log entry", "content_type": 22, "codename": "change_logentry"}}, {"model": "auth.permission", "pk": 84, "fields": {"name": "Can delete log entry", "content_type": 22, "codename": "delete_logentry"}}, {"model": "auth.permission", "pk": 85, "fields": {"name": "Can view log entry", "content_type": 22, "codename": "view_logentry"}}, {"model": "auth.permission", "pk": 86, "fields": {"name": "Can add permission", "content_type": 23, "codename": "add_permission"}}, {"model": "auth.permission", "pk": 87, "fields": {"name": "Can change permission", "content_type": 23, "codename": "change_permission"}}, {"model": "auth.permission", "pk": 88, "fields": {"name": "Can delete permission", "content_type": 23, "codename": "delete_permission"}}, {"model": "auth.permission", "pk": 89, "fields": {"name": "Can view permission", "content_type": 23, "codename": "view_permission"}}, {"model": "auth.permission", "pk": 90, "fields": {"name": "Can add group", "content_type": 24, "codename": "add_group"}}, {"model": "auth.permission", "pk": 91, "fields": {"name": "Can change group", "content_type": 24, "codename": "change_group"}}, {"model": "auth.permission", "pk": 92, "fields": {"name": "Can delete group", "content_type": 24, "codename": "delete_group"}}, {"model": "auth.permission", "pk": 93, "fields": {"name": "Can view group", "content_type": 24, "codename": "view_group"}}, {"model": "auth.permission", "pk": 94, "fields": {"name": "Can add user", "content_type": 25, "codename": "add_user"}}, {"model": "auth.permission", "pk": 95, "fields": {"name": "Can change user", "content_type": 25, "codename": "change_user"}}, {"model": "auth.permission", "pk": 96, "fields": {"name": "Can delete user", "content_type": 25, "codename": "delete_user"}}, {"model": "auth.permission", "pk": 97, "fields": {"name": "Can view user", "content_type": 25, "codename": "view_user"}}, {"model": "auth.permission", "pk": 98, "fields": {"name": "Can add content type", "content_type": 26, "codename": "add_contenttype"}}, {"model": "auth.permission", "pk": 99, "fields": {"name": "Can change content type", "content_type": 26, "codename": "change_contenttype"}}, {"model": "auth.permission", "pk": 100, "fields": {"name": "Can delete content type", "content_type": 26, "codename": "delete_contenttype"}}, {"model": "auth.permission", "pk": 101, "fields": {"name": "Can view content type", "content_type": 26, "codename": "view_contenttype"}}, {"model": "auth.permission", "pk": 102, "fields": {"name": "Can add session", "content_type": 27, "codename": "add_session"}}, {"model": "auth.permission", "pk": 103, "fields": {"name": "Can change session", "content_type": 27, "codename": "change_session"}}, {"model": "auth.permission", "pk": 104, "fields": {"name": "Can delete session", "content_type": 27, "codename": "delete_session"}}, {"model": "auth.permission", "pk": 105, "fields": {"name": "Can view session", "content_type": 27, "codename": "view_session"}}, {"model": "auth.permission", "pk": 106, "fields": {"name": "Can add blog index page", "content_type": 28, "codename": "add_blogindexpage"}}, {"model": "auth.permission", "pk": 107, "fields": {"name": "Can change blog index page", "content_type": 28, "codename": "change_blogindexpage"}}, {"model": "auth.permission", "pk": 108, "fields": {"name": "Can delete blog index page", "content_type": 28, "codename": "delete_blogindexpage"}}, {"model": "auth.permission", "pk": 109, "fields": {"name": "Can view blog index page", "content_type": 28, "codename": "view_blogindexpage"}}, {"model": "auth.permission", "pk": 110, "fields": {"name": "Can add blog page", "content_type": 29, "codename": "add_blogpage"}}, {"model": "auth.permission", "pk": 111, "fields": {"name": "Can change blog page", "content_type": 29, "codename": "change_blogpage"}}, {"model": "auth.permission", "pk": 112, "fields": {"name": "Can delete blog page", "content_type": 29, "codename": "delete_blogpage"}}, {"model": "auth.permission", "pk": 113, "fields": {"name": "Can view blog page", "content_type": 29, "codename": "view_blogpage"}}, {"model": "auth.permission", "pk": 114, "fields": {"name": "Can add blog tag index page", "content_type": 30, "codename": "add_blogtagindexpage"}}, {"model": "auth.permission", "pk": 115, "fields": {"name": "Can change blog tag index page", "content_type": 30, "codename": "change_blogtagindexpage"}}, {"model": "auth.permission", "pk": 116, "fields": {"name": "Can delete blog tag index page", "content_type": 30, "codename": "delete_blogtagindexpage"}}, {"model": "auth.permission", "pk": 117, "fields": {"name": "Can view blog tag index page", "content_type": 30, "codename": "view_blogtagindexpage"}}, {"model": "auth.permission", "pk": 118, "fields": {"name": "Can add blog page tag", "content_type": 31, "codename": "add_blogpagetag"}}, {"model": "auth.permission", "pk": 119, "fields": {"name": "Can change blog page tag", "content_type": 31, "codename": "change_blogpagetag"}}, {"model": "auth.permission", "pk": 120, "fields": {"name": "Can delete blog page tag", "content_type": 31, "codename": "delete_blogpagetag"}}, {"model": "auth.permission", "pk": 121, "fields": {"name": "Can view blog page tag", "content_type": 31, "codename": "view_blogpagetag"}}, {"model": "auth.permission", "pk": 122, "fields": {"name": "Can add blog page gallery image", "content_type": 32, "codename": "add_blogpagegalleryimage"}}, {"model": "auth.permission", "pk": 123, "fields": {"name": "Can change blog page gallery image", "content_type": 32, "codename": "change_blogpagegalleryimage"}}, {"model": "auth.permission", "pk": 124, "fields": {"name": "Can delete blog page gallery image", "content_type": 32, "codename": "delete_blogpagegalleryimage"}}, {"model": "auth.permission", "pk": 125, "fields": {"name": "Can view blog page gallery image", "content_type": 32, "codename": "view_blogpagegalleryimage"}}, {"model": "auth.permission", "pk": 126, "fields": {"name": "Can add blog all tags", "content_type": 33, "codename": "add_blogalltags"}}, {"model": "auth.permission", "pk": 127, "fields": {"name": "Can change blog all tags", "content_type": 33, "codename": "change_blogalltags"}}, {"model": "auth.permission", "pk": 128, "fields": {"name": "Can delete blog all tags", "content_type": 33, "codename": "delete_blogalltags"}}, {"model": "auth.permission", "pk": 129, "fields": {"name": "Can view blog all tags", "content_type": 33, "codename": "view_blogalltags"}}, {"model": "auth.permission", "pk": 130, "fields": {"name": "Can add blog search", "content_type": 34, "codename": "add_blogsearch"}}, {"model": "auth.permission", "pk": 131, "fields": {"name": "Can change blog search", "content_type": 34, "codename": "change_blogsearch"}}, {"model": "auth.permission", "pk": 132, "fields": {"name": "Can delete blog search", "content_type": 34, "codename": "delete_blogsearch"}}, {"model": "auth.permission", "pk": 133, "fields": {"name": "Can view blog search", "content_type": 34, "codename": "view_blogsearch"}}, {"model": "auth.permission", "pk": 134, "fields": {"name": "Can add blog tree", "content_type": 35, "codename": "add_blogtree"}}, {"model": "auth.permission", "pk": 135, "fields": {"name": "Can change blog tree", "content_type": 35, "codename": "change_blogtree"}}, {"model": "auth.permission", "pk": 136, "fields": {"name": "Can delete blog tree", "content_type": 35, "codename": "delete_blogtree"}}, {"model": "auth.permission", "pk": 137, "fields": {"name": "Can view blog tree", "content_type": 35, "codename": "view_blogtree"}}, {"model": "auth.permission", "pk": 138, "fields": {"name": "Can add blog all categories", "content_type": 36, "codename": "add_blogallcategories"}}, {"model": "auth.permission", "pk": 139, "fields": {"name": "Can change blog all categories", "content_type": 36, "codename": "change_blogallcategories"}}, {"model": "auth.permission", "pk": 140, "fields": {"name": "Can delete blog all categories", "content_type": 36, "codename": "delete_blogallcategories"}}, {"model": "auth.permission", "pk": 141, "fields": {"name": "Can view blog all categories", "content_type": 36, "codename": "view_blogallcategories"}}, {"model": "auth.permission", "pk": 142, "fields": {"name": "Can add Category", "content_type": 37, "codename": "add_blogcategory"}}, {"model": "auth.permission", "pk": 143, "fields": {"name": "Can change Category", "content_type": 37, "codename": "change_blogcategory"}}, {"model": "auth.permission", "pk": 144, "fields": {"name": "Can delete Category", "content_type": 37, "codename": "delete_blogcategory"}}, {"model": "auth.permission", "pk": 145, "fields": {"name": "Can view Category", "content_type": 37, "codename": "view_blogcategory"}}, {"model": "auth.permission", "pk": 146, "fields": {"name": "Can add site", "content_type": 38, "codename": "add_site"}}, {"model": "auth.permission", "pk": 147, "fields": {"name": "Can change site", "content_type": 38, "codename": "change_site"}}, {"model": "auth.permission", "pk": 148, "fields": {"name": "Can delete site", "content_type": 38, "codename": "delete_site"}}, {"model": "auth.permission", "pk": 149, "fields": {"name": "Can view site", "content_type": 38, "codename": "view_site"}}, {"model": "auth.permission", "pk": 150, "fields": {"name": "Can add comment", "content_type": 39, "codename": "add_comment"}}, {"model": "auth.permission", "pk": 151, "fields": {"name": "Can change comment", "content_type": 39, "codename": "change_comment"}}, {"model": "auth.permission", "pk": 152, "fields": {"name": "Can delete comment", "content_type": 39, "codename": "delete_comment"}}, {"model": "auth.permission", "pk": 153, "fields": {"name": "Can view comment", "content_type": 39, "codename": "view_comment"}}, {"model": "auth.permission", "pk": 154, "fields": {"name": "Can moderate comments", "content_type": 39, "codename": "can_moderate"}}, {"model": "auth.permission", "pk": 155, "fields": {"name": "Can add comment flag", "content_type": 40, "codename": "add_commentflag"}}, {"model": "auth.permission", "pk": 156, "fields": {"name": "Can change comment flag", "content_type": 40, "codename": "change_commentflag"}}, {"model": "auth.permission", "pk": 157, "fields": {"name": "Can delete comment flag", "content_type": 40, "codename": "delete_commentflag"}}, {"model": "auth.permission", "pk": 158, "fields": {"name": "Can view comment flag", "content_type": 40, "codename": "view_commentflag"}}, {"model": "auth.group", "pk": 1, "fields": {"name": "Moderators", "permissions": [1, 2, 3, 4, 5, 6, 7]}}, {"model": "auth.group", "pk": 2, "fields": {"name": "Editors", "permissions": [1, 2, 3, 4, 5, 6, 7]}}, {"model": "auth.user", "pk": 1, "fields": {"password": "pbkdf2_sha256$150000$92YXRxy29nuI$KUNKR1kEpqZRxyL97c+6P6ixvS78wNtNhpMXm3JfnEs=", "last_login": "2019-06-19T09:48:41.514Z", "is_superuser": true, "username": "admin", "first_name": "", "last_name": "", "email": "mysite@gmail.com", "is_staff": true, "is_active": true, "date_joined": "2019-06-05T08:15:35.505Z", "groups": [], "user_permissions": []}}, {"model": "blog.blogindexpage", "pk": 17, "fields": {"intro": ""}}, {"model": "blog.blogindexpage", "pk": 19, "fields": {"intro": "<p>next posts:</p>"}}, {"model": "blog.blogpage", "pk": 35, "fields": {"date": "2019-06-20", "intro": "quasar", "body": "[{\"type\": \"paragraph\", \"value\": \"<p>La inceput a fost prima pagina.</p>\", \"id\": \"e345e37b-ef9d-4348-8af2-f1d2fe0b194b\"}]", "categories": []}}, {"model": "blog.blogtagindexpage", "pk": 18, "fields": {}}, {"model": "blog.blogalltags", "pk": 30, "fields": {}}, {"model": "blog.blogsearch", "pk": 31, "fields": {}}, {"model": "blog.blogtree", "pk": 32, "fields": {}}, {"model": "wagtailcore.groupcollectionpermission", "pk": 1, "fields": {"group": 2, "collection": 1, "permission": 2}}, {"model": "wagtailcore.groupcollectionpermission", "pk": 2, "fields": {"group": 1, "collection": 1, "permission": 2}}, {"model": "wagtailcore.groupcollectionpermission", "pk": 3, "fields": {"group": 2, "collection": 1, "permission": 3}}, {"model": "wagtailcore.groupcollectionpermission", "pk": 4, "fields": {"group": 1, "collection": 1, "permission": 3}}, {"model": "wagtailcore.groupcollectionpermission", "pk": 5, "fields": {"group": 2, "collection": 1, "permission": 5}}, {"model": "wagtailcore.groupcollectionpermission", "pk": 6, "fields": {"group": 1, "collection": 1, "permission": 5}}, {"model": "wagtailcore.groupcollectionpermission", "pk": 7, "fields": {"group": 2, "collection": 1, "permission": 6}}, {"model": "wagtailcore.groupcollectionpermission", "pk": 8, "fields": {"group": 1, "collection": 1, "permission": 6}}, {"model": "wagtailcore.grouppagepermission", "pk": 1, "fields": {"group": 1, "page": 1, "permission_type": "add"}}, {"model": "wagtailcore.grouppagepermission", "pk": 2, "fields": {"group": 1, "page": 1, "permission_type": "edit"}}, {"model": "wagtailcore.grouppagepermission", "pk": 3, "fields": {"group": 1, "page": 1, "permission_type": "publish"}}, {"model": "wagtailcore.grouppagepermission", "pk": 4, "fields": {"group": 2, "page": 1, "permission_type": "add"}}, {"model": "wagtailcore.grouppagepermission", "pk": 5, "fields": {"group": 2, "page": 1, "permission_type": "edit"}}, {"model": "wagtailcore.grouppagepermission", "pk": 6, "fields": {"group": 1, "page": 1, "permission_type": "lock"}}, {"model": "wagtailcore.pagerevision", "pk": 114, "fields": {"page": 35, "submitted_for_moderation": false, "created_at": "2019-06-20T12:17:00.323Z", "user": 1, "content_json": "{\"pk\": 35, \"path\": \"00010001000200020001\", \"depth\": 5, \"numchild\": 0, \"title\": \"La inceput\", \"draft_title\": \"La inceput\", \"slug\": \"la-inceput\", \"content_type\": 29, \"live\": true, \"has_unpublished_changes\": false, \"url_path\": \"/home/index-blog/posts/la-inceput/\", \"owner\": 1, \"seo_title\": \"\", \"show_in_menus\": false, \"search_description\": \"\", \"go_live_at\": null, \"expire_at\": null, \"expired\": false, \"locked\": false, \"first_published_at\": null, \"last_published_at\": null, \"latest_revision_created_at\": null, \"live_revision\": null, \"date\": \"2019-06-20\", \"intro\": \"test\", \"body\": \"[{\\\"type\\\": \\\"paragraph\\\", \\\"value\\\": \\\"<p>La inceput a fost prima pagina.</p>\\\", \\\"id\\\": \\\"e345e37b-ef9d-4348-8af2-f1d2fe0b194b\\\"}]\", \"tagged_items\": [], \"gallery_images\": [{\"pk\": 6, \"sort_order\": 0, \"page\": 35, \"image\": 7, \"caption\": \"quasar\"}], \"categories\": []}", "approved_go_live_at": null}}, {"model": "wagtailcore.pagerevision", "pk": 115, "fields": {"page": 35, "submitted_for_moderation": false, "created_at": "2019-06-20T12:25:58.360Z", "user": 1, "content_json": "{\"pk\": 35, \"path\": \"00010001000200020001\", \"depth\": 5, \"numchild\": 0, \"title\": \"La inceput\", \"draft_title\": \"La inceput\", \"slug\": \"la-inceput\", \"content_type\": 29, \"live\": true, \"has_unpublished_changes\": false, \"url_path\": \"/home/index-blog/posts/la-inceput/\", \"owner\": 1, \"seo_title\": \"\", \"show_in_menus\": false, \"search_description\": \"\", \"go_live_at\": null, \"expire_at\": null, \"expired\": false, \"locked\": false, \"first_published_at\": \"2019-06-20T12:17:00.473Z\", \"last_published_at\": \"2019-06-20T12:17:00.473Z\", \"latest_revision_created_at\": \"2019-06-20T12:17:00.323Z\", \"live_revision\": 114, \"date\": \"2019-06-20\", \"intro\": \"in constructie\", \"body\": \"[{\\\"type\\\": \\\"paragraph\\\", \\\"value\\\": \\\"<p>La inceput a fost prima pagina.</p>\\\", \\\"id\\\": \\\"e345e37b-ef9d-4348-8af2-f1d2fe0b194b\\\"}]\", \"tagged_items\": [], \"gallery_images\": [{\"pk\": 6, \"sort_order\": 0, \"page\": 35, \"image\": 7, \"caption\": \"quasar\"}], \"categories\": []}", "approved_go_live_at": null}}, {"model": "wagtailcore.pagerevision", "pk": 116, "fields": {"page": 35, "submitted_for_moderation": false, "created_at": "2019-06-20T12:38:53.016Z", "user": 1, "content_json": "{\"pk\": 35, \"path\": \"00010001000200020001\", \"depth\": 5, \"numchild\": 0, \"title\": \"La inceput\", \"draft_title\": \"La inceput\", \"slug\": \"la-inceput\", \"content_type\": 29, \"live\": true, \"has_unpublished_changes\": false, \"url_path\": \"/home/index-blog/posts/la-inceput/\", \"owner\": 1, \"seo_title\": \"\", \"show_in_menus\": false, \"search_description\": \"\", \"go_live_at\": null, \"expire_at\": null, \"expired\": false, \"locked\": false, \"first_published_at\": \"2019-06-20T12:17:00.473Z\", \"last_published_at\": \"2019-06-20T12:26:00.602Z\", \"latest_revision_created_at\": \"2019-06-20T12:25:58.360Z\", \"live_revision\": 115, \"date\": \"2019-06-20\", \"intro\": \"quasar\", \"body\": \"[{\\\"type\\\": \\\"paragraph\\\", \\\"value\\\": \\\"<p>La inceput a fost prima pagina.</p>\\\", \\\"id\\\": \\\"e345e37b-ef9d-4348-8af2-f1d2fe0b194b\\\"}]\", \"tagged_items\": [], \"gallery_images\": [{\"pk\": 6, \"sort_order\": 0, \"page\": 35, \"image\": 7, \"caption\": \"\"}], \"categories\": []}", "approved_go_live_at": null}}, {"model": "wagtailcore.page", "pk": 1, "fields": {"path": "0001", "depth": 1, "numchild": 1, "title": "Root", "draft_title": "Root", "slug": "root", "content_type": 1, "live": true, "has_unpublished_changes": false, "url_path": "/", "owner": null, "seo_title": "", "show_in_menus": false, "search_description": "", "go_live_at": null, "expire_at": null, "expired": false, "locked": false, "first_published_at": null, "last_published_at": null, "latest_revision_created_at": null, "live_revision": null}}, {"model": "wagtailcore.page", "pk": 3, "fields": {"path": "00010001", "depth": 2, "numchild": 1, "title": "Home", "draft_title": "Home", "slug": "home", "content_type": 2, "live": true, "has_unpublished_changes": false, "url_path": "/home/", "owner": null, "seo_title": "", "show_in_menus": false, "search_description": "", "go_live_at": null, "expire_at": null, "expired": false, "locked": false, "first_published_at": null, "last_published_at": null, "latest_revision_created_at": null, "live_revision": null}}, {"model": "wagtailcore.page", "pk": 17, "fields": {"path": "000100010002", "depth": 3, "numchild": 5, "title": "Index-blog", "draft_title": "Index-blog", "slug": "index-blog", "content_type": 28, "live": true, "has_unpublished_changes": false, "url_path": "/home/index-blog/", "owner": 1, "seo_title": "", "show_in_menus": false, "search_description": "", "go_live_at": null, "expire_at": null, "expired": false, "locked": false, "first_published_at": "2019-06-10T15:01:57.355Z", "last_published_at": "2019-06-10T15:09:18.411Z", "latest_revision_created_at": "2019-06-10T15:09:18.133Z", "live_revision": null}}, {"model": "wagtailcore.page", "pk": 18, "fields": {"path": "0001000100020001", "depth": 4, "numchild": 0, "title": "Tags", "draft_title": "Tags", "slug": "tags", "content_type": 30, "live": true, "has_unpublished_changes": false, "url_path": "/home/index-blog/tags/", "owner": 1, "seo_title": "", "show_in_menus": false, "search_description": "", "go_live_at": null, "expire_at": null, "expired": false, "locked": false, "first_published_at": "2019-06-11T07:33:28.173Z", "last_published_at": "2019-06-11T07:33:28.173Z", "latest_revision_created_at": "2019-06-11T07:33:27.846Z", "live_revision": null}}, {"model": "wagtailcore.page", "pk": 19, "fields": {"path": "0001000100020002", "depth": 4, "numchild": 1, "title": "Posts", "draft_title": "Posts", "slug": "posts", "content_type": 28, "live": true, "has_unpublished_changes": false, "url_path": "/home/index-blog/posts/", "owner": 1, "seo_title": "", "show_in_menus": false, "search_description": "", "go_live_at": null, "expire_at": null, "expired": false, "locked": false, "first_published_at": "2019-06-10T15:07:34.233Z", "last_published_at": "2019-06-10T15:07:34.233Z", "latest_revision_created_at": "2019-06-10T15:07:34.233Z", "live_revision": null}}, {"model": "wagtailcore.page", "pk": 30, "fields": {"path": "0001000100020003", "depth": 4, "numchild": 0, "title": "All Tags", "draft_title": "All Tags", "slug": "all-tags", "content_type": 33, "live": true, "has_unpublished_changes": false, "url_path": "/home/index-blog/all-tags/", "owner": 1, "seo_title": "", "show_in_menus": false, "search_description": "", "go_live_at": null, "expire_at": null, "expired": false, "locked": false, "first_published_at": "2019-06-11T07:34:48.403Z", "last_published_at": "2019-06-11T07:34:48.403Z", "latest_revision_created_at": "2019-06-11T07:34:48.214Z", "live_revision": null}}, {"model": "wagtailcore.page", "pk": 31, "fields": {"path": "0001000100020004", "depth": 4, "numchild": 0, "title": "Search", "draft_title": "Search", "slug": "blog-search", "content_type": 34, "live": true, "has_unpublished_changes": false, "url_path": "/home/index-blog/blog-search/", "owner": 1, "seo_title": "", "show_in_menus": false, "search_description": "", "go_live_at": null, "expire_at": null, "expired": false, "locked": false, "first_published_at": "2019-06-11T10:08:19.198Z", "last_published_at": "2019-06-11T10:08:19.198Z", "latest_revision_created_at": "2019-06-11T10:08:19.036Z", "live_revision": null}}, {"model": "wagtailcore.page", "pk": 32, "fields": {"path": "0001000100020005", "depth": 4, "numchild": 0, "title": "Blog Tree", "draft_title": "Blog Tree", "slug": "blog-tree", "content_type": 35, "live": true, "has_unpublished_changes": false, "url_path": "/home/index-blog/blog-tree/", "owner": 1, "seo_title": "", "show_in_menus": false, "search_description": "", "go_live_at": null, "expire_at": null, "expired": false, "locked": false, "first_published_at": "2019-06-11T10:59:33.216Z", "last_published_at": "2019-06-11T10:59:33.216Z", "latest_revision_created_at": "2019-06-11T10:59:33.073Z", "live_revision": null}}, {"model": "wagtailcore.page", "pk": 35, "fields": {"path": "00010001000200020001", "depth": 5, "numchild": 0, "title": "La inceput", "draft_title": "La inceput", "slug": "la-inceput", "content_type": 29, "live": true, "has_unpublished_changes": false, "url_path": "/home/index-blog/posts/la-inceput/", "owner": 1, "seo_title": "", "show_in_menus": false, "search_description": "", "go_live_at": null, "expire_at": null, "expired": false, "locked": false, "first_published_at": "2019-06-20T12:17:00.473Z", "last_published_at": "2019-06-20T12:38:53.287Z", "latest_revision_created_at": "2019-06-20T12:38:53.016Z", "live_revision": 116}}, {"model": "wagtailimages.image", "pk": 1, "fields": {"collection": 1, "title": "binary-code-475664_1920.jpg", "file": "original_images/binary-code-475664_1920.jpg", "width": 1920, "height": 1357, "created_at": "2019-06-11T15:35:04.204Z", "uploaded_by_user": 1, "focal_point_x": null, "focal_point_y": null, "focal_point_width": null, "focal_point_height": null, "file_size": 277879, "file_hash": "61729e4bec3f20ccd8121bfd80a6a04d6af2a0d3"}}, {"model": "wagtailimages.image", "pk": 2, "fields": {"collection": 1, "title": "web-3706562_1920.jpg", "file": "original_images/web-3706562_1920.jpg", "width": 1920, "height": 640, "created_at": "2019-06-12T08:03:20.202Z", "uploaded_by_user": 1, "focal_point_x": null, "focal_point_y": null, "focal_point_width": null, "focal_point_height": null, "file_size": 674580, "file_hash": "7c697debc80fe3085630ec98fdcadb140c312d10"}}, {"model": "wagtailimages.image", "pk": 3, "fields": {"collection": 1, "title": "dj.jpg", "file": "original_images/dj.jpg", "width": 750, "height": 422, "created_at": "2019-06-12T10:41:12.305Z", "uploaded_by_user": 1, "focal_point_x": null, "focal_point_y": null, "focal_point_width": null, "focal_point_height": null, "file_size": 28322, "file_hash": "20a6dbacb44c920f07f334ed753a989a078aac1d"}}, {"model": "wagtailimages.image", "pk": 4, "fields": {"collection": 1, "title": "pexels-photo-697662.jpeg", "file": "original_images/pexels-photo-697662.jpeg", "width": 1920, "height": 1278, "created_at": "2019-06-12T10:50:26.079Z", "uploaded_by_user": 1, "focal_point_x": 1538, "focal_point_y": 303, "focal_point_width": 637, "focal_point_height": 535, "file_size": 848527, "file_hash": "eb1259cba35a0d15bb3677d8c7ccff36c7aad4ec"}}, {"model": "wagtailimages.image", "pk": 5, "fields": {"collection": 1, "title": "ball-63527_1920.jpg", "file": "original_images/ball-63527_1920.jpg", "width": 1920, "height": 1357, "created_at": "2019-06-12T11:34:55.100Z", "uploaded_by_user": 1, "focal_point_x": null, "focal_point_y": null, "focal_point_width": null, "focal_point_height": null, "file_size": 477430, "file_hash": "5c5cec8ee6704e06fe1d5ecdbc39111eabb5e46a"}}, {"model": "wagtailimages.image", "pk": 6, "fields": {"collection": 1, "title": "anunnaki.jpg", "file": "original_images/anunnaki.jpg", "width": 950, "height": 450, "created_at": "2019-06-12T11:56:40.816Z", "uploaded_by_user": 1, "focal_point_x": null, "focal_point_y": null, "focal_point_width": null, "focal_point_height": null, "file_size": 84296, "file_hash": "3dbe05a8c6589e7a59cacf30bbe85cde630750ac"}}, {"model": "wagtailimages.image", "pk": 7, "fields": {"collection": 1, "title": "farthest-quasar.jpg", "file": "original_images/farthest-quasar.jpg", "width": 860, "height": 460, "created_at": "2019-06-20T12:15:57.728Z", "uploaded_by_user": 1, "focal_point_x": null, "focal_point_y": null, "focal_point_width": null, "focal_point_height": null, "file_size": 59254, "file_hash": "3a57594a46e9bab0fa948c176980bc04d9fd2c7f"}}, {"model": "home.homepage", "pk": 3, "fields": {"body": ""}}]